2018-04-10 07:55 ~ laurafoelmer,
2018-04-10 07:56 ~ snipedexx,
2018-04-10 07:56 ~ ji_photographs,
2018-04-10 07:56 ~ step.romans,
2018-04-10 07:57 ~ aledrpk,
2018-04-10 07:57 ~ brokkarrot,
2018-04-10 07:57 ~ silviuust,
2018-04-10 07:58 ~ meryeru_,
2018-04-10 07:58 ~ susan.andrita,
2018-04-10 07:59 ~ sooah.haru,
2018-04-10 07:59 ~ little_deep_blue,
2018-04-10 08:56 ~ bikinimoo_promote,
2018-04-10 08:56 ~ corinnetogni,
2018-04-10 08:56 ~ goheart_official,
2018-04-10 08:56 ~ mr_fantasy,
2018-04-10 08:56 ~ ddayrian,
2018-04-10 08:57 ~ allday_girls,
2018-04-10 08:58 ~ shihabarr,
2018-04-10 08:58 ~ marninadia,
2018-04-10 08:58 ~ nicolasverny,
2018-04-10 08:58 ~ seancarlessphotography,
2018-04-10 08:59 ~ anastasia__khazova,
2018-04-10 08:59 ~ ivanawjya,
2018-04-10 08:59 ~ stylemystroke,
2018-04-10 08:59 ~ doumissemi,
2018-04-10 09:00 ~ drawinglifeuk,
2018-04-10 09:56 ~ sara__lovelife307,
2018-04-10 09:56 ~ beth_sw_foodie,
2018-04-10 09:57 ~ virginie.clavereau,
2018-04-10 09:57 ~ wer.tt,
2018-04-10 09:57 ~ gyp_s,
2018-04-10 09:58 ~ eclectico13,
2018-04-10 09:58 ~ versu_cheng,
2018-04-10 09:59 ~ wqyqianyi,
2018-04-10 09:59 ~ illustrations_by_anna_norin,
2018-04-10 09:59 ~ vanderdesign,
2018-04-10 09:59 ~ geneedy,
2018-04-10 10:56 ~ newluxembourg,
2018-04-10 10:56 ~ justinebrns,
2018-04-10 10:56 ~ r_e_b_e_k,
2018-04-10 10:56 ~ gezgorokuyasa,
2018-04-10 10:57 ~ 0teken0,
2018-04-10 10:58 ~ sunshinesolene,
2018-04-10 10:58 ~ pollyfoxy21,
2018-04-10 10:58 ~ abysim.whitelion,
2018-04-10 10:59 ~ xrealex,
2018-04-10 10:59 ~ holdmagazine,
2018-04-10 10:59 ~ amobbs_artist,
2018-04-10 10:59 ~ iddyumpty,
2018-04-10 11:56 ~ millie_charlee_and_me,
2018-04-10 11:56 ~ andrei.andy12,
2018-04-10 11:56 ~ idk.vlady,
2018-04-10 11:56 ~ hkd81,
2018-04-10 11:57 ~ ghostdog_nk,
2018-04-10 11:57 ~ green_hardcore,
2018-04-10 11:58 ~ raynaeliza.photography,
2018-04-10 11:58 ~ likeaboy_tokyo,
2018-04-10 11:59 ~ dimasprag,
2018-04-10 11:59 ~ cvkahler,
2018-04-10 11:59 ~ seanykitten,
2018-04-10 11:59 ~ smalltown_artshop,
2018-04-10 12:00 ~ ces.a.sketch,
2018-04-10 12:56 ~ redisland.indonesia,
2018-04-10 12:56 ~ nadyakostenyuk,
2018-04-10 12:57 ~ nanoprk1910,
2018-04-10 12:58 ~ tp_rio,
2018-04-10 12:58 ~ rosehudsonmillinery,
2018-04-10 12:59 ~ romanlinacero,
2018-04-10 12:59 ~ wildernesstrips,
2018-04-10 12:59 ~ start_art_gallery,
2018-04-10 13:56 ~ jaynash76,
2018-04-10 13:56 ~ foreverandalwaysweddingplanner,
2018-04-10 13:56 ~ tae.w,
2018-04-10 13:57 ~ antares_impact,
2018-04-10 13:57 ~ hiroshi_mizutani_060,
2018-04-10 13:58 ~ iamz.zu,
2018-04-10 13:59 ~ wednesdayfrog,
2018-04-10 13:59 ~ carbonizarse,
2018-04-10 13:59 ~ __francescofra__,
2018-04-10 13:59 ~ photograph.nikon,
2018-04-10 14:56 ~ aichamoroco,
2018-04-10 14:56 ~ charlotteemilylouise,
2018-04-10 14:56 ~ tae.w,
2018-04-10 14:57 ~ ginsrhd,
2018-04-10 14:57 ~ mishmishdraws,
2018-04-10 14:58 ~ egellenlira,
2018-04-10 14:58 ~ rei__yu,
2018-04-10 14:58 ~ rob_siv,
2018-04-10 14:58 ~ picsbyanne,
2018-04-10 14:59 ~ content_boys,
2018-04-10 14:59 ~ arcolo_e_art,
2018-04-10 14:59 ~ go_hiraga,
2018-04-10 15:00 ~ evergreen_the_queen,
2018-04-10 15:56 ~ becky_bick,
2018-04-10 15:56 ~ yukinoritakemoto,
2018-04-10 15:56 ~ holiday_bau_tours_rentacar,
2018-04-10 15:56 ~ esmetabasa,
2018-04-10 15:57 ~ photoholic_mob,
2018-04-10 15:58 ~ incompletecomplicate,
2018-04-10 15:58 ~ aaaonn,
2018-04-10 15:58 ~ maraia________,
2018-04-10 15:59 ~ venkalias,
2018-04-10 15:59 ~ musheroo,
2018-04-10 15:59 ~ vn_market_,
2018-04-10 15:59 ~ vposteraro3,
2018-04-10 16:00 ~ tksinteriordesign,
2018-04-10 16:56 ~ hanssegura,
2018-04-10 16:56 ~ mascha_van_dijk,
2018-04-10 16:56 ~ becky__1910,
2018-04-10 16:56 ~ jobo_mik23,
2018-04-10 16:57 ~ speed_demon_jen,
2018-04-10 16:57 ~ d_astello_photography,
2018-04-10 16:58 ~ only.badreputation,
2018-04-10 16:58 ~ jacobalgul,
2018-04-10 16:59 ~ esra.kdesign,
2018-04-10 16:59 ~ veraxis,
2018-04-10 16:59 ~ louie_leblanc_jr,
2018-04-10 17:00 ~ dobro_sklad,
2018-04-10 17:56 ~ gabriella.petvai,
2018-04-10 17:56 ~ __k_limero__,
2018-04-10 17:56 ~ repcro,
2018-04-10 17:57 ~ visualizedstudio,
2018-04-10 17:57 ~ francaspi,
2018-04-10 17:58 ~ hungary_rita,
2018-04-10 17:58 ~ mehmetgunay09,
2018-04-10 17:59 ~ juans0lo,
2018-04-10 17:59 ~ ndramirez96,
2018-04-10 17:59 ~ htogetherru,
2018-04-10 18:56 ~ aelee7,
2018-04-10 18:56 ~ adara_beauty_ibiza,
2018-04-10 18:56 ~ catoa_sarzana,
2018-04-10 18:56 ~ tihonia2007,
2018-04-10 18:57 ~ mademoisellella,
2018-04-10 18:57 ~ nandomtgalters,
2018-04-10 18:58 ~ matthis.kleil,
2018-04-10 18:58 ~ barbarapetruzzo,
2018-04-10 18:59 ~ daeki_art,
2018-04-10 18:59 ~ unusual_stock,
2018-04-10 18:59 ~ goodnightgallery,
2018-04-10 19:56 ~ stapicmaja,
2018-04-10 19:56 ~ stazzu_m,
2018-04-10 19:56 ~ allthebestie,
2018-04-10 19:57 ~ meet_greece,
2018-04-10 19:57 ~ poppinartportraits,
2018-04-10 19:58 ~ josyhirsch,
2018-04-10 19:58 ~ fredimagineart,
2018-04-10 19:59 ~ cesarjdiazl,
2018-04-10 19:59 ~ smokeandblueintheface,
2018-04-10 19:59 ~ oneshotbuddy,
2018-04-10 19:59 ~ wudgla,
2018-04-10 19:59 ~ croissant_au_fromage,
2018-04-10 20:56 ~ dirk_n,
2018-04-10 20:56 ~ vivienneee__,
2018-04-10 20:57 ~ rebecasanchezphotography,
2018-04-10 20:57 ~ aga_creations,
2018-04-10 20:58 ~ litamy,
2018-04-10 20:59 ~ hamidtdn,
2018-04-10 20:59 ~ irianlisboa,
2018-04-10 20:59 ~ amawnewyork,
2018-04-10 20:59 ~ letabledecor,
2018-04-10 20:59 ~ matahepburn,
2018-04-10 21:56 ~ cruzer1226,
2018-04-10 21:56 ~ egansarah,
2018-04-10 21:56 ~ confessionsmum,
2018-04-10 21:56 ~ heidelbergstories,
2018-04-10 21:57 ~ jenn_weby,
2018-04-10 21:57 ~ corophotograph,
2018-04-10 21:58 ~ al.063,
2018-04-10 21:58 ~ aosenski,
2018-04-10 21:58 ~ maymcq,
2018-04-10 21:59 ~ rachel_burch_williams,
2018-04-10 21:59 ~ flowersforfools,
2018-04-10 21:59 ~ paperroute,
2018-04-10 22:00 ~ theonlypolishyogi,
2018-04-10 22:56 ~ ccamorgan,
2018-04-10 22:56 ~ gehbertante,
2018-04-10 22:56 ~ lilinnovia,
2018-04-10 22:56 ~ rachelagourakis,
2018-04-10 22:57 ~ pickuniku.id,
2018-04-10 22:57 ~ yas_0707,
2018-04-10 22:58 ~ tamaragreggphotography,
2018-04-10 22:58 ~ 91cam,
2018-04-10 22:58 ~ paulogbh,
2018-04-10 22:59 ~ spacexbaby_fxck,
2018-04-10 22:59 ~ juliosebasgraphics,
2018-04-10 22:59 ~ fuzzydragons,
2018-04-10 22:59 ~ tizwozalini,
2018-04-10 23:56 ~ sun.v11.lemon.lsl,
2018-04-10 23:56 ~ malsatrans.id,
2018-04-10 23:56 ~ dannymiami24,
2018-04-10 23:56 ~ travel.with.kristof,
2018-04-10 23:57 ~ rungsunrise,
2018-04-10 23:57 ~ elarafotografia,
2018-04-10 23:58 ~ davidstrange_,
2018-04-10 23:58 ~ shingosmz,
2018-04-10 23:59 ~ emilyarwood,
2018-04-10 23:59 ~ facecarver,
2018-04-11 00:00 ~ art_thou_radical,
2018-04-11 00:00 ~ situbondodoodleart,
2018-04-11 00:00 ~ thecarolsworld2,
2018-04-11 00:56 ~ skrawr,
2018-04-11 00:56 ~ panjaitanbetty,
2018-04-11 00:56 ~ enad_luthfi,
2018-04-11 00:57 ~ xstntialcrisis,
2018-04-11 00:57 ~ tommy.battistelli,
2018-04-11 00:58 ~ vladimirdeming,
2018-04-11 00:58 ~ margauxclaret,
2018-04-11 00:59 ~ chutler,
2018-04-11 00:59 ~ icm.07,
2018-04-11 00:59 ~ lflint144,
2018-04-11 00:59 ~ darkenedmammal,
2018-04-11 00:59 ~ sentimientosversados,
2018-04-11 01:56 ~ vendulabel,
2018-04-11 01:56 ~ skdyer2017,
2018-04-11 01:56 ~ villagadis,
2018-04-11 01:56 ~ black01diamond,
2018-04-11 01:57 ~ otter_peanut108,
2018-04-11 01:57 ~ danielgermain6972,
2018-04-11 01:58 ~ rafarhell,
2018-04-11 01:58 ~ chiefstuff05,
2018-04-11 01:58 ~ theideaofjoe,
2018-04-11 01:59 ~ bluelemonshibe,
2018-04-11 01:59 ~ artimejays,
2018-04-11 04:56 ~ baliexplorer101,
2018-04-11 04:57 ~ childishweeaboo,
2018-04-11 04:57 ~ st00gz,
2018-04-11 04:57 ~ yana_aya_,
2018-04-11 04:58 ~ kristinaskool,
2018-04-11 04:58 ~ isaac_tako,
2018-04-11 04:59 ~ _kuroko_senpai_,
2018-04-11 04:59 ~ gothicneedles,
2018-04-11 04:59 ~ ken_sudradra,
2018-04-11 05:56 ~ unclesahb_mihirji,
2018-04-11 05:56 ~ robwood41,
2018-04-11 05:56 ~ mark_zimmermann,
2018-04-11 05:57 ~ pascalechandler,
2018-04-11 05:58 ~ mathieu_wtz,
2018-04-11 05:58 ~ yongchen8,
2018-04-11 05:59 ~ shawn_oreally,
2018-04-11 05:59 ~ artistramyasadasivam,
2018-04-11 05:59 ~ authenticshanga,
2018-04-11 05:59 ~ a.moradi.art,
2018-04-11 06:56 ~ nadia_octavianie,
2018-04-11 06:56 ~ jonneluomala,
2018-04-11 06:56 ~ girllyfofficial,
2018-04-11 06:57 ~ maya_maksi,
2018-04-11 06:58 ~ stetovns,
2018-04-11 06:58 ~ federicap_wedding,
2018-04-11 06:59 ~ our__otaku__life,
2018-04-11 06:59 ~ estebanperez.sanchez,
2018-04-11 06:59 ~ keithpixx40,
2018-04-11 06:59 ~ catursuryamahendra,
2018-04-11 06:59 ~ studiohoughton,
2018-04-11 07:56 ~ abbi90daysss,
2018-04-11 07:56 ~ aleksandraedelman,
2018-04-11 07:56 ~ hollykins90,
2018-04-11 07:56 ~ bergalicous,
2018-04-11 07:57 ~ rebelliousrose9155,
2018-04-11 07:57 ~ mildred_valkonet,
2018-04-11 07:58 ~ lalov_m,
2018-04-11 07:58 ~ j3ss54460,
2018-04-11 07:58 ~ firasbenkraiem,
2018-04-11 07:59 ~ _eelodiie_,
2018-04-11 07:59 ~ moaduba,
2018-04-11 07:59 ~ galeriaandreaparedes,
2018-04-11 08:56 ~ brookwilson123,
2018-04-11 08:56 ~ chantalmorkel,
2018-04-11 08:56 ~ ocho_headwear_,
2018-04-11 08:56 ~ bnbcosmopolitan_palermo,
2018-04-11 08:57 ~ slyyy_d0g,
2018-04-11 08:57 ~ _______uni________,
2018-04-11 08:58 ~ sarangum_,
2018-04-11 08:58 ~ i_alii18,
2018-04-11 08:58 ~ thomas_oconnor_photography,
2018-04-11 08:59 ~ blood_neck,
2018-04-11 08:59 ~ noc.kairu,
2018-04-11 09:56 ~ m0atcha,
2018-04-11 09:56 ~ amberandrubyoyinsan,
2018-04-11 09:56 ~ andrea_melody_5,
2018-04-11 09:56 ~ ralucateodoru8,
2018-04-11 09:57 ~ aithutleh,
2018-04-11 09:58 ~ ___trzmistnblda___,
2018-04-11 09:58 ~ vibhav_chitrao,
2018-04-11 09:58 ~ as.cine,
2018-04-11 09:59 ~ eanderson1974,
2018-04-11 09:59 ~ bestideas.for.girls,
2018-04-11 09:59 ~ queermonsters,
2018-04-11 09:59 ~ valentine_villenet,
2018-04-11 10:00 ~ gianlucapacecca,
2018-04-11 10:56 ~ clemiclem34,
2018-04-11 10:56 ~ lucielou2404,
2018-04-11 10:56 ~ 360photosfere,
2018-04-11 10:56 ~ eyyjine,
2018-04-11 10:57 ~ irishartists,
2018-04-11 10:57 ~ rise.cam,
2018-04-11 10:58 ~ gina.na.lab,
2018-04-11 10:58 ~ bryanp_art,
2018-04-11 10:58 ~ yutaka_japan_osaka,
2018-04-11 10:59 ~ ghostqueen1312,
2018-04-11 10:59 ~ unicorn.with.hat,
2018-04-11 11:56 ~ wonderphotoshop.th,
2018-04-11 11:56 ~ kateprees,
2018-04-11 11:56 ~ bobotandiono26,
2018-04-11 11:57 ~ william_francis,
2018-04-11 11:58 ~ genelevichan.art,
2018-04-11 11:59 ~ ladygagavh1,
2018-04-11 11:59 ~ artchallenge_time,
2018-04-11 11:59 ~ gabriealoneal,
2018-04-11 11:59 ~ artis_gallery_moscow,
2018-04-11 12:56 ~ jussail,
2018-04-11 12:56 ~ fedecrivelli,
2018-04-11 12:56 ~ jacob.stroud,
2018-04-11 12:56 ~ being.impress,
2018-04-11 12:57 ~ eduardomotafoto,
2018-04-11 12:58 ~ ojedaphotograph,
2018-04-11 12:58 ~ jonaap,
2018-04-11 12:59 ~ paws21art,
2018-04-11 12:59 ~ alongtheedgeartsfestival,
2018-04-11 12:59 ~ ericfaguo,
2018-04-11 12:59 ~ angelrosieposie,
2018-04-11 12:59 ~ cesarjdiazl,
2018-04-11 13:56 ~ munmunxia,
2018-04-11 13:56 ~ konfuso,
2018-04-11 13:56 ~ vinda.wahyuningsih,
2018-04-11 13:57 ~ watchesluxurybrands,
2018-04-11 13:57 ~ ajphotography_amoljoshi,
2018-04-11 13:58 ~ arina_gordienko_art,
2018-04-11 13:58 ~ johnnyarundel,
2018-04-11 13:58 ~ almasdemetal,
2018-04-11 13:58 ~ loveofawriter,
2018-04-11 13:59 ~ viktoriagraf,
2018-04-11 13:59 ~ maxoperry,
2018-04-11 14:00 ~ archiabhi,
2018-04-11 14:56 ~ susintadewii,
2018-04-11 14:56 ~ dizpatel,
2018-04-11 14:56 ~ hayleyjb_,
2018-04-11 14:56 ~ tae.w,
2018-04-11 14:57 ~ debbie_runs_london2018,
2018-04-11 14:57 ~ freedomaat,
2018-04-11 14:58 ~ mariasometimes,
2018-04-11 14:58 ~ angelcery,
2018-04-11 14:58 ~ georgehobbsart,
2018-04-11 14:59 ~ man_club_aze,
2018-04-11 14:59 ~ maebillingtonart,
2018-04-11 14:59 ~ geovanipantoja,
2018-04-11 15:56 ~ xalex.m.nails,
2018-04-11 15:56 ~ lovexfooditaly,
2018-04-11 15:56 ~ stevecollinstraveller,
2018-04-11 15:56 ~ prinmf,
2018-04-11 15:57 ~ tylerdituri,
2018-04-11 15:57 ~ cash_the_mini_aussie_,
2018-04-11 15:58 ~ ondrejricica,
2018-04-11 15:58 ~ ginoisraelfotografo,
2018-04-11 15:58 ~ angeladouglasphoto,
2018-04-11 15:59 ~ mandalasnia,
2018-04-11 15:59 ~ doomanskayaanna,
2018-04-11 15:59 ~ fragmentart.br,
2018-04-11 16:56 ~ peppeartnk,
2018-04-11 16:56 ~ lefteris_lizardos,
2018-04-11 16:56 ~ annabel.katharina,
2018-04-11 16:56 ~ 8polarised,
2018-04-11 16:57 ~ rasa.gliozeryte,
2018-04-11 16:58 ~ exomoodyshots,
2018-04-11 16:58 ~ yeezus.photo,
2018-04-11 16:59 ~ annierodrigue_artiste_peintre,
2018-04-11 16:59 ~ 206epicerik,
2018-04-11 16:59 ~ lepoissonvert,
2018-04-11 17:56 ~ bruciebaby100,
2018-04-11 17:56 ~ silvanovich_viktoriya,
2018-04-11 17:56 ~ hotel_victoria_nqy,
2018-04-11 17:56 ~ littlemissjmee,
2018-04-11 17:57 ~ mohamed_mostafa20,
2018-04-11 17:58 ~ lulufan,
2018-04-11 17:58 ~ artpub.nl,
2018-04-11 17:58 ~ gmesenfotografia,
2018-04-11 17:59 ~ rejuvenateflooring,
2018-04-11 17:59 ~ ultranayar,
2018-04-11 17:59 ~ ronniesbubbles,
2018-04-11 17:59 ~ rachelvray_art,
2018-04-11 18:00 ~ content_boys,
2018-04-11 18:56 ~ fotohuelse,
2018-04-11 18:56 ~ tjdemirsoy,
2018-04-11 18:56 ~ crownhuynh,
2018-04-11 18:57 ~ katya_dart,
2018-04-11 18:58 ~ ejordanphotographies,
2018-04-11 18:58 ~ photobello,
2018-04-11 18:58 ~ noooahlevin,
2018-04-11 18:59 ~ tjstudio2018,
2018-04-11 18:59 ~ posdatamexico,
2018-04-11 19:56 ~ my.sweet.holiday.house,
2018-04-11 19:56 ~ w.kesornmala,
2018-04-11 19:56 ~ siva_soman,
2018-04-11 19:57 ~ araseem,
2018-04-11 19:57 ~ crown_barber_,
2018-04-11 19:57 ~ letestediricciardi,
2018-04-11 19:58 ~ abelrock,
2018-04-11 19:58 ~ ema_plt_draws,
2018-04-11 19:59 ~ alonzopaulo2017,
2018-04-11 19:59 ~ belindamarialongsden,
2018-04-11 19:59 ~ mmarennaa,
2018-04-11 19:59 ~ soldierskiart,
2018-04-11 20:00 ~ cavecarliradio,
2018-04-11 20:56 ~ tallyweijloloron,
2018-04-11 20:56 ~ apretabranca,
2018-04-11 20:56 ~ francescamoriconi1983,
2018-04-11 20:57 ~ eleri_hughes,
2018-04-11 20:57 ~ 22ndstory,
2018-04-11 20:58 ~ juandavidcastanedap,
2018-04-11 20:58 ~ fotobink,
2018-04-11 20:58 ~ photo.best_photo,
2018-04-11 20:58 ~ mariko.hm_aquayokohama,
2018-04-11 20:59 ~ deathstar_og_,
2018-04-11 20:59 ~ jazibaz,
2018-04-11 20:59 ~ y0ungspideyart,
2018-04-11 21:00 ~ chibi_joey87,
2018-04-11 21:00 ~ arte_art_community,
2018-04-11 21:56 ~ langyboi,
2018-04-11 21:56 ~ chloealicia88,
2018-04-11 21:56 ~ jessicaiphotography,
2018-04-11 21:56 ~ alexey_golubev_talarii,
2018-04-11 21:57 ~ sion639,
2018-04-11 21:58 ~ bromley_photo,
2018-04-11 21:58 ~ _nevora_,
2018-04-11 21:59 ~ video.nayka,
2018-04-11 22:56 ~ betonmetin1,
2018-04-11 22:56 ~ little_e.r,
2018-04-11 22:56 ~ emantravelss,
2018-04-11 22:56 ~ luca_f_17,
2018-04-11 22:57 ~ marco_chh,
2018-04-11 22:57 ~ blues_driver_,
2018-04-11 22:58 ~ seelensiaa,
2018-04-11 22:59 ~ elicea.poetry,
2018-04-11 22:59 ~ coritourbanoradioshow,
2018-04-11 22:59 ~ missrachelbeth,
2018-04-11 22:59 ~ inking_dove,
2018-04-11 23:00 ~ borderlinecards,
2018-04-11 23:56 ~ gak.1986,
2018-04-11 23:56 ~ fanny_huda,
2018-04-11 23:56 ~ dicky_iskandar08,
2018-04-11 23:56 ~ icetech1,
2018-04-11 23:57 ~ siskafebriza,
2018-04-11 23:57 ~ nelsjuan,
2018-04-11 23:58 ~ sweetsunshinesnap,
2018-04-11 23:58 ~ sanduni_nirasha,
2018-04-11 23:59 ~ pollutedwatercolors,
2018-04-11 23:59 ~ tsukiuta77,
2018-04-11 23:59 ~ axissaul,
2018-04-12 00:56 ~ sasha_carmelia_,
2018-04-12 00:56 ~ nikkigpx,
2018-04-12 00:56 ~ meanm88_,
2018-04-12 00:57 ~ hetsan.peppers,
2018-04-12 00:58 ~ okmademoiselle,
2018-04-12 00:59 ~ anchorcustomdesign,
2018-04-12 00:59 ~ kate_korra,
2018-04-12 01:56 ~ _erikpaul_,
2018-04-12 01:56 ~ shasaa.ptr,
2018-04-12 01:56 ~ lil_jack30,
2018-04-12 01:57 ~ legofreak,
2018-04-12 01:57 ~ hart_ga,
2018-04-12 01:58 ~ alvarezroure,
2018-04-12 01:58 ~ essentiallyanush,
2018-04-12 01:59 ~ fernandobaggi.fotografia,
2018-04-12 01:59 ~ own.wav,
2018-04-12 01:59 ~ mr_danny_33,
2018-04-12 01:59 ~ mr.micahart,
2018-04-12 01:59 ~ niffdiggity,
2018-04-12 02:56 ~ ynotjofficial,
2018-04-12 02:56 ~ jferry_jiyugaoka,
2018-04-12 02:56 ~ juicetisia,
2018-04-12 02:56 ~ sophie.herczeg,
2018-04-12 02:57 ~ doni_mtbbikephoto,
2018-04-12 02:57 ~ karlvzltx,
2018-04-12 02:58 ~ ybm_vision,
2018-04-12 02:58 ~ tedeumphoto,
2018-04-12 02:58 ~ bigusnikus,
2018-04-12 02:59 ~ doxy_cycle,
2018-04-12 02:59 ~ allan_linder,
2018-04-12 02:59 ~ mayakofujimoto,
2018-04-12 03:00 ~ yoshikodraws,
2018-04-12 03:00 ~ terufried,
2018-04-12 03:56 ~ lalana_beautybox,
2018-04-12 03:56 ~ angga_prazzetya11,
2018-04-12 03:57 ~ jamesmoir1,
2018-04-12 03:57 ~ ashanair1994,
2018-04-12 03:57 ~ powderoom69,
2018-04-12 03:58 ~ moyfotografo,
2018-04-12 03:58 ~ beardkingfrost,
2018-04-12 03:59 ~ josieraygoza_art,
2018-04-12 03:59 ~ maria_aarkan,
2018-04-12 03:59 ~ tappnet,
2018-04-12 03:59 ~ putupainting,
2018-04-12 03:59 ~ bukht97,
2018-04-12 04:56 ~ torredialbidonamasseria,
2018-04-12 04:56 ~ notsoclichetraveler,
2018-04-12 04:57 ~ lanakhavronenko,
2018-04-12 04:57 ~ liliatarginofotografias,
2018-04-12 04:57 ~ sarant003,
2018-04-12 04:58 ~ enterthemoonlight,
2018-04-12 04:58 ~ photographyalik,
2018-04-12 04:59 ~ mangifan,
2018-04-12 04:59 ~ dammitbillcomics,
2018-04-12 04:59 ~ ein_glaswein,
2018-04-12 04:59 ~ barry_mosley_photography,
2018-04-12 04:59 ~ _austinitsua_,
2018-04-12 05:56 ~ incrediblemaldives,
2018-04-12 05:56 ~ nampuengsocool,
2018-04-12 05:56 ~ sugarcove,
2018-04-12 05:56 ~ magdawallace,
2018-04-12 05:57 ~ cookie.s.t,
2018-04-12 05:57 ~ dkfotografie_cologne,
2018-04-12 05:58 ~ quartermaster.photography,
2018-04-12 05:58 ~ lauragiammichele,
2018-04-12 05:58 ~ hellovincentlee,
2018-04-12 05:58 ~ leivaasenfink,
2018-04-12 05:59 ~ cleargazolean,
2018-04-12 05:59 ~ sendal_kreatif,
2018-04-12 06:00 ~ _maxik_mg,
2018-04-12 06:56 ~ streetfishingberlin,
2018-04-12 06:56 ~ jeed_jessy,
2018-04-12 06:56 ~ bad_fire_cat,
2018-04-12 06:56 ~ hopohhui12,
2018-04-12 06:57 ~ franzivoneinhoernchen,
2018-04-12 06:57 ~ pictoriavictoria,
2018-04-12 06:58 ~ gandarafotografia,
2018-04-12 06:58 ~ lyosh.a,
2018-04-12 06:58 ~ frankschemmann,
2018-04-12 06:58 ~ sunny___mark,
2018-04-12 06:59 ~ thepurplekirin,
2018-04-12 06:59 ~ fableteeth,
2018-04-12 06:59 ~ 1998.0627,
2018-04-12 07:00 ~ a_nagard,
2018-04-12 07:56 ~ tuck.august,
2018-04-12 07:56 ~ 20deodarhouse,
2018-04-12 07:56 ~ lita_independent,
2018-04-12 07:57 ~ losthanfound,
2018-04-12 07:57 ~ 9kin,
2018-04-12 07:58 ~ mkn_26_97,
2018-04-12 07:58 ~ ipo_1296,
2018-04-12 07:59 ~ pb02__wale__,
2018-04-12 07:59 ~ iri_spb,
2018-04-12 07:59 ~ ah.9134,
2018-04-12 07:59 ~ io.richi,
2018-04-12 08:56 ~ matty_saint,
2018-04-12 08:56 ~ izmirproduction,
2018-04-12 09:56 ~ taka_funkybottom,
2018-04-12 09:56 ~ radiograzalema,
2018-04-12 09:56 ~ parichat.k,
2018-04-12 09:57 ~ monahoooon_,
2018-04-12 09:57 ~ ruiui.jp,
2018-04-12 09:58 ~ liam_kim1,
2018-04-12 09:58 ~ riho.0812,
2018-04-12 09:59 ~ nrc_family,
2018-04-12 09:59 ~ jason_wyc_,
2018-04-12 09:59 ~ massi.lotfi.art,
2018-04-12 09:59 ~ pigeonart_handmade,
2018-04-12 10:56 ~ ig__uuuu,
2018-04-12 10:56 ~ just.cskim,
2018-04-12 10:56 ~ ohm_sarawot,
2018-04-12 10:56 ~ katiewarnes,
2018-04-12 10:57 ~ ca_ss,
2018-04-12 10:58 ~ aast_art,
2018-04-12 10:58 ~ sky72ru,
2018-04-12 10:58 ~ emoniava,
2018-04-12 10:59 ~ sarahabati,
2018-04-12 10:59 ~ alla.egnateva,
2018-04-12 10:59 ~ artgallerysanfrancesco,
2018-04-12 10:59 ~ deflated_hooked_star,
2018-04-12 11:56 ~ jesssbee21,
2018-04-12 11:56 ~ kat_chown,
2018-04-12 11:56 ~ bintangsatria_rakka,
2018-04-12 11:56 ~ madalina_mc,
2018-04-12 11:57 ~ bee.on.nee,
2018-04-12 11:57 ~ onke_spain,
2018-04-12 11:58 ~ jusent,
2018-04-12 11:58 ~ artvolha,
2018-04-12 11:58 ~ nonemangueira,
2018-04-12 11:59 ~ menagerie_art,
2018-04-12 11:59 ~ artspace.co.uk,
2018-04-12 11:59 ~ dumb_bryce,
2018-04-12 11:59 ~ mrolsenart,
2018-04-12 12:00 ~ cikasinlove,
2018-04-12 12:56 ~ vikings_tewich,
2018-04-12 12:56 ~ _sarahkpunkt,
2018-04-12 12:56 ~ ichakalam,
2018-04-12 12:56 ~ vartikasingh2,
2018-04-12 12:57 ~ everydayhappymind,
2018-04-12 12:57 ~ jennifer_siegler_fotografie,
2018-04-12 12:58 ~ batscebahardy,
2018-04-12 12:58 ~ josepmtnz,
2018-04-12 12:58 ~ lillucky_,
2018-04-12 12:58 ~ antoniosbaxevanidis,
2018-04-12 12:59 ~ juliaplushiha,
2018-04-12 12:59 ~ natease,
2018-04-12 12:59 ~ spiralantenna,
2018-04-12 13:00 ~ telemark_skiing,
2018-04-12 13:00 ~ afalianuazts13,
2018-04-12 13:56 ~ petruskasp,
2018-04-12 13:56 ~ clare_77thomas,
2018-04-12 13:56 ~ iamprettychou,
2018-04-12 13:56 ~ danieljprescott,
2018-04-12 13:57 ~ dyslexicdaisy,
2018-04-12 13:58 ~ mateo_sidron_fotografia,
2018-04-12 13:58 ~ ashleyy_slone,
2018-04-12 13:58 ~ kohal918,
2018-04-12 13:59 ~ vw_vagabond,
2018-04-12 13:59 ~ satya_atta,
2018-04-12 13:59 ~ tee_toons,
2018-04-12 14:56 ~ hok_peerapat,
2018-04-12 14:56 ~ travel_laa,
2018-04-12 14:56 ~ jameswwgrub,
2018-04-12 14:57 ~ jojitown,
2018-04-12 14:57 ~ khoonprachuab.limited,
2018-04-12 14:58 ~ shanteezlensphotography,
2018-04-12 14:58 ~ cornelsava,
2018-04-12 14:58 ~ ansela.regina,
2018-04-12 14:59 ~ hundred.gifts,
2018-04-12 14:59 ~ palacebowahaha,
2018-04-12 14:59 ~ artiganushq,
2018-04-12 14:59 ~ _edlefebvre_,
2018-04-12 15:00 ~ ncratrbl,
2018-04-12 15:56 ~ charlott_dt,
2018-04-12 15:56 ~ hannekelights,
2018-04-12 15:56 ~ mrsaeddy,
2018-04-12 15:57 ~ annathirkilltravelcounsellor,
2018-04-12 15:57 ~ luxskater182,
2018-04-12 15:58 ~ officialuistyle,
2018-04-12 15:58 ~ vagabondwho,
2018-04-12 15:59 ~ smokey_ent,
2018-04-12 15:59 ~ contemporaryphotography_by_ss,
2018-04-12 15:59 ~ rafaella.tsoptsi,
2018-04-12 16:56 ~ ketutism,
2018-04-12 16:56 ~ chefasszony_hajnal,
2018-04-12 16:56 ~ nat_prupria,
2018-04-12 16:57 ~ foodisnecessary,
2018-04-12 16:57 ~ brotha_kristufar,
2018-04-12 16:58 ~ jaygeeimages,
2018-04-12 16:58 ~ gemmaesteele,
2018-04-12 16:58 ~ cheo.paez,
2018-04-12 16:59 ~ staceyjamesartistuk,
2018-04-12 16:59 ~ noussaybart,
2018-04-12 16:59 ~ ccjintamai,
2018-04-12 17:00 ~ adri_villarruel31,
2018-04-12 17:56 ~ heidi_langen,
2018-04-12 17:56 ~ laura_x_beth,
2018-04-12 17:56 ~ ramayaaa,
2018-04-12 17:57 ~ mongoosejosh,
2018-04-12 17:57 ~ jordanf900,
2018-04-12 17:58 ~ leonrwoods,
2018-04-12 17:58 ~ shotbyzach,
2018-04-12 17:58 ~ photographer_unclemhee,
2018-04-12 17:59 ~ rosielouie,
2018-04-12 17:59 ~ chris_xydas,
2018-04-12 17:59 ~ albert514,
2018-04-12 18:00 ~ costacoffeeoptimum,
2018-04-12 18:56 ~ florencepoppydennis,
2018-04-12 18:56 ~ marc.brock87,
2018-04-12 18:56 ~ tmr.tms,
2018-04-12 18:57 ~ joschaburkhard,
2018-04-12 18:57 ~ queenbee.n.y.t.t,
2018-04-12 18:58 ~ jfeldphoto,
2018-04-12 18:58 ~ charlotteturnbullphotography,
2018-04-12 18:58 ~ robbie_nuwanda,
2018-04-12 18:59 ~ jesse._.davila,
2018-04-12 18:59 ~ arts.beauties,
2018-04-12 18:59 ~ rita_papp96,
2018-04-12 18:59 ~ chrisboyleofficial,
2018-04-12 19:00 ~ krisrosefan,
2018-04-12 19:56 ~ priyonggo_dwi,
2018-04-12 19:56 ~ kelzbelz2013,
2018-04-12 19:56 ~ _____faridala_____,
2018-04-12 19:57 ~ duraku_gentian,
2018-04-12 19:57 ~ olga_inspiration,
2018-04-12 19:57 ~ karanikolas_manos,
2018-04-12 19:58 ~ abdullahtokgoz,
2018-04-12 19:58 ~ 1956lino,
2018-04-12 19:59 ~ leonoircollection,
2018-04-12 19:59 ~ felipe.salinas.793,
2018-04-12 19:59 ~ od_tre,
2018-04-12 19:59 ~ jaydog703,
2018-04-12 20:00 ~ iloveartandyou,
2018-04-12 20:56 ~ lucian_istrefi,
2018-04-12 20:56 ~ tetiana.kuksa,
2018-04-12 20:56 ~ samck1989,
2018-04-12 20:56 ~ angelelchik,
2018-04-12 20:57 ~ evesbach,
2018-04-12 20:57 ~ jonggeuni,
2018-04-12 20:58 ~ joannadont,
2018-04-12 20:58 ~ phatmus,
2018-04-12 20:58 ~ indigo_cloud_art,
2018-04-12 20:59 ~ catherinehannahjoan,
2018-04-12 20:59 ~ mariemadeleinemm,
2018-04-12 20:59 ~ srachwan,
2018-04-12 21:00 ~ alexusss_paige,
2018-04-12 21:00 ~ _misantropolis,
2018-04-12 21:56 ~ rubalicious_x,
2018-04-12 21:56 ~ aimeebex_,
2018-04-12 21:56 ~ gansoteca,
2018-04-12 21:56 ~ occidentalpapagayo,
2018-04-12 21:57 ~ _25tal,
2018-04-12 21:57 ~ kelseypearse01,
2018-04-12 21:58 ~ erkanaran,
2018-04-12 21:59 ~ ioannromanov,
2018-04-12 21:59 ~ mydixiewrecked2000,
2018-04-12 21:59 ~ exoduschamber,
2018-04-12 21:59 ~ ernik1,
2018-04-12 22:56 ~ thespicemaster__,
2018-04-12 22:56 ~ chloboshoka,
2018-04-12 22:56 ~ jadda_tourandtravel,
2018-04-12 22:56 ~ ares_home_design,
2018-04-12 22:57 ~ krumaro,
2018-04-12 22:57 ~ mk10_ei8ht,
2018-04-12 22:58 ~ lovejsog,
2018-04-12 22:58 ~ csp_justin,
2018-04-12 22:59 ~ dr.shahrazad.alkhatib,
2018-04-12 22:59 ~ adanvc,
2018-04-12 23:56 ~ aestheticsbyanika,
2018-04-12 23:56 ~ michelemontevago,
2018-04-12 23:56 ~ adhy_putra14,
2018-04-12 23:56 ~ djlacow,
2018-04-12 23:57 ~ kayak_au,
2018-04-12 23:57 ~ hato.camera,
2018-04-12 23:58 ~ makeup_to_allure,
2018-04-12 23:59 ~ lauraeriddoch,
2018-04-12 23:59 ~ nadsugiono,
2018-04-13 00:56 ~ viee_tan,
2018-04-13 00:56 ~ cellao10,
2018-04-13 00:56 ~ mookboro,
2018-04-13 00:57 ~ jpg.bombae,
2018-04-13 00:58 ~ alexacoughlin,
2018-04-13 00:58 ~ squier62,
2018-04-13 00:59 ~ mounir_rahmouni,
2018-04-13 00:59 ~ kakysovier,
2018-04-13 00:59 ~ jubensim,
2018-04-13 00:59 ~ mental.reise,
2018-04-13 01:56 ~ mmilymnl,
2018-04-13 01:56 ~ angelotvilla,
2018-04-13 01:56 ~ jadedawnoneill,
2018-04-13 01:56 ~ kylane.7,
2018-04-13 01:57 ~ tangguhwijaya,
2018-04-13 01:57 ~ wesley_strawn,
2018-04-13 01:58 ~ art_doudoce,
2018-04-13 01:58 ~ saint_hookah_lounge,
2018-04-13 01:58 ~ davedoinartnow,
2018-04-13 01:59 ~ suciimarsyah,
2018-04-13 01:59 ~ kaan_canpolat,
2018-04-13 01:59 ~ ericktoribio_,
2018-04-13 01:59 ~ beezuzdraws,
2018-04-13 02:00 ~ nana_nathan,
2018-04-13 02:56 ~ pariyada_vb,
2018-04-13 02:56 ~ iiisa.dm,
2018-04-13 02:56 ~ emcck_,
2018-04-13 02:56 ~ arielmongan,
2018-04-13 02:57 ~ breambeem,
2018-04-13 02:57 ~ ericsantiagofoto,
2018-04-13 02:58 ~ leighannebehindthelens,
2018-04-13 02:58 ~ enrique_sanchzz,
2018-04-13 02:58 ~ cbeckart,
2018-04-13 02:59 ~ storybook_villain,
2018-04-13 03:00 ~ rico_the_kid_ldn,
2018-04-13 03:00 ~ beesdoodles,
2018-04-13 03:00 ~ qdesign.id,
2018-04-13 03:56 ~ celhak,
2018-04-13 03:56 ~ urbanexplr,
2018-04-13 03:56 ~ _hebebe_hk,
2018-04-13 03:56 ~ chris_columboo,
2018-04-13 03:57 ~ otmanikolaevna19,
2018-04-13 03:57 ~ broganmphoto,
2018-04-13 03:58 ~ lalocadelacamara,
2018-04-13 03:58 ~ ks_photo_324,
2018-04-13 03:58 ~ palirandiph,
2018-04-13 03:59 ~ m.a.go,
2018-04-13 03:59 ~ ssw_studio,
2018-04-13 03:59 ~ kenji.bluearrow,
2018-04-13 04:00 ~ tichipoo,
2018-04-13 04:00 ~ saurian_park_of_fb,
2018-04-13 04:56 ~ baliexplorer101,
2018-04-13 04:56 ~ semliva,
2018-04-13 04:56 ~ elmo91__hanisa,
2018-04-13 04:56 ~ sheratonhuahinpranburi,
2018-04-13 04:57 ~ bloatedmylon,
2018-04-13 04:58 ~ therealomisa,
2018-04-13 04:59 ~ yair_art,
2018-04-13 04:59 ~ im_ana_boat17,
2018-04-13 04:59 ~ willowfashionandgifts,
2018-04-13 04:59 ~ storyboardguru,
2018-04-13 05:56 ~ z4m0,
2018-04-13 05:56 ~ smart_dnu,
2018-04-13 05:56 ~ tom_goes_global,
2018-04-13 05:57 ~ jecy.she,
2018-04-13 05:57 ~ cheznegrete,
2018-04-13 05:58 ~ al.rasyd,
2018-04-13 05:59 ~ jo16x,
2018-04-13 05:59 ~ print.era,
2018-04-13 05:59 ~ hi_umanjupter,
2018-04-13 05:59 ~ frastakid,
2018-04-13 05:59 ~ alnaabi.97_,
2018-04-13 06:56 ~ newtycleo,
2018-04-13 06:56 ~ misssums,
2018-04-13 06:56 ~ air_airryy,
2018-04-13 06:57 ~ firewoodpictures,
2018-04-13 06:58 ~ michelphoto77rus,
2018-04-13 06:58 ~ iwan_humah,
2018-04-13 06:59 ~ ignatmatveev,
2018-04-13 06:59 ~ milikka.art,
2018-04-13 06:59 ~ stellachitzos,
2018-04-13 06:59 ~ dahliaspamz,
2018-04-13 07:56 ~ jumanamahariq,
2018-04-13 07:56 ~ donnelly.andrew,
2018-04-13 07:56 ~ rflctn_ofeyes,
2018-04-13 07:56 ~ keling_production1288,
2018-04-13 07:57 ~ dasha.nsk.11.11,
2018-04-13 07:57 ~ dickbombay_,
2018-04-13 07:58 ~ emma_the_cavalier,
2018-04-13 07:59 ~ chan_bola,
2018-04-13 07:59 ~ theboiledhead,
2018-04-13 07:59 ~ shannonleahart,
2018-04-13 07:59 ~ rs3gold,
2018-04-13 08:56 ~ syawalkassim,
2018-04-13 08:56 ~ energyadventure,
2018-04-13 08:56 ~ yaichutikarn,
2018-04-13 08:56 ~ thenewjlaw,
2018-04-13 08:57 ~ fraiulia,
2018-04-13 08:58 ~ o_ou_o_ou,
2018-04-13 08:59 ~ dylailaya,
2018-04-13 08:59 ~ jaxcurrenti,
2018-04-13 08:59 ~ jgmwwdaggnlddd,
2018-04-13 08:59 ~ lisagoodwinart,
2018-04-13 09:56 ~ kurtmaske,
2018-04-13 09:56 ~ sribeer_,
2018-04-13 09:56 ~ fauzi_riza,
2018-04-13 09:56 ~ pt.natascha,
2018-04-13 09:57 ~ noellikulangi14,
2018-04-13 09:57 ~ olhosdelirio,
2018-04-13 09:58 ~ artist.ali.ibrahim,
2018-04-13 09:59 ~ dumyklawoffi,
2018-04-13 09:59 ~ m1apol1s,
2018-04-13 09:59 ~ noltonartgallery,
2018-04-13 09:59 ~ les_douces_aquarelles,
2018-04-13 09:59 ~ wandering_galaxies,
2018-04-13 10:56 ~ trydhrma,
2018-04-13 10:56 ~ giglihotelsalento,
2018-04-13 10:56 ~ kedzierka,
2018-04-13 10:56 ~ sanjaykumhar7101,
2018-04-13 10:57 ~ jess_ixchel,
2018-04-13 10:57 ~ houseoffortitude,
2018-04-13 10:59 ~ dragonia_legends,
2018-04-13 10:59 ~ martasanmamedarte,
2018-04-13 10:59 ~ claregagedesign,
2018-04-13 10:59 ~ shuchin.lin,
2018-04-13 11:56 ~ restexpo.ru,
2018-04-13 11:56 ~ laura_buononato,
2018-04-13 11:56 ~ airmonkeytaipei,
2018-04-13 11:56 ~ soulleap,
2018-04-13 11:57 ~ missgboutique,
2018-04-13 11:57 ~ raymond_lisa,
2018-04-13 11:58 ~ signorina_effe85,
2018-04-13 11:58 ~ ximenaphotog,
2018-04-13 11:58 ~ nicolettifotografi,
2018-04-13 11:59 ~ oma.cha,
2018-04-13 11:59 ~ aggregatnu,
2018-04-13 11:59 ~ vivalavida.filmandart,
2018-04-13 11:59 ~ aliizanloo9917,
2018-04-13 12:00 ~ daria_semenchuk,
2018-04-13 12:56 ~ rumneychris,
2018-04-13 12:56 ~ canercetin77,
2018-04-13 12:56 ~ roaming_roberto,
2018-04-13 12:57 ~ faicoholic,
2018-04-13 12:57 ~ manequeens,
2018-04-13 12:57 ~ _photoych,
2018-04-13 12:58 ~ flicafoto,
2018-04-13 12:58 ~ sarah_s_photo,
2018-04-13 12:58 ~ ajay_shewale_photography,
2018-04-13 12:59 ~ martist_art_corner,
2018-04-13 12:59 ~ zone_clothingline96,
2018-04-13 12:59 ~ lifedeathcreation,
2018-04-13 13:00 ~ nanevskom,
2018-04-13 13:56 ~ janejanta,
2018-04-13 13:56 ~ imonlyjoeking,
2018-04-13 13:56 ~ farvater_travel,
2018-04-13 13:56 ~ gioggia987,
2018-04-13 13:57 ~ amiruladdeenmizam,
2018-04-13 13:57 ~ luay.vein.a,
2018-04-13 13:58 ~ pirex,
2018-04-13 13:58 ~ todormarincheshki,
2018-04-13 13:58 ~ alelibmuc,
2018-04-13 13:59 ~ gangster_track_1,
2018-04-13 13:59 ~ artsand95,
2018-04-13 13:59 ~ reznik4637,
2018-04-13 13:59 ~ inluceluciferi,
2018-04-13 14:00 ~ ferranheras_official,
2018-04-13 14:56 ~ larisaryakhimova,
2018-04-13 14:56 ~ mvskartika,
2018-04-13 14:56 ~ ryany93,
2018-04-13 14:56 ~ inbelitungtour,
2018-04-13 14:57 ~ mucahitcakmakci,
2018-04-13 14:58 ~ freiraum4,
2018-04-13 14:58 ~ liz_photographic,
2018-04-13 14:58 ~ joan.mallen,
2018-04-13 14:59 ~ sububzzz,
2018-04-13 14:59 ~ _vihh_sal_,
2018-04-13 14:59 ~ dani_art.tattoo,
2018-04-13 15:00 ~ keshovsky,
2018-04-13 15:56 ~ udara_alwis,
2018-04-13 15:56 ~ agatasiemko,
2018-04-13 15:56 ~ ashleytookaphoto,
2018-04-13 15:56 ~ gryshyna_s,
2018-04-13 15:57 ~ pino.corsello,
2018-04-13 15:58 ~ derxphoto,
2018-04-13 15:58 ~ daminova_ph,
2018-04-13 15:58 ~ sunycortperform,
2018-04-13 15:58 ~ michaelbrickensphotography,
2018-04-13 15:59 ~ banditdabhead,
2018-04-13 15:59 ~ tenochtenoch,
2018-04-13 16:00 ~ tca_lions_ok,
2018-04-13 16:00 ~ dclovesmarvel,
2018-04-13 16:56 ~ liz8322,
2018-04-13 16:56 ~ kshoppingtime,
2018-04-13 16:56 ~ jamesandrews10,
2018-04-13 16:56 ~ dsgocc,
2018-04-13 16:57 ~ fsenaocal,
2018-04-13 16:57 ~ 088portrait,
2018-04-13 16:58 ~ starwars_character_collector,
2018-04-13 16:58 ~ lucazizioli,
2018-04-13 16:58 ~ janamensatorova,
2018-04-13 16:58 ~ amenfashion.zine,
2018-04-13 16:59 ~ mkahnle,
2018-04-13 17:00 ~ inspiredhandsco,
2018-04-13 17:00 ~ miragev,
2018-04-13 17:56 ~ mama_iting22,
2018-04-13 17:56 ~ summerinbrazil,
2018-04-13 17:56 ~ bosstravelgram,
2018-04-13 17:57 ~ mreaganmrae_photography,
2018-04-13 17:57 ~ riissaah,
2018-04-13 17:58 ~ frencydally,
2018-04-13 17:58 ~ andremoreirajornalista,
2018-04-13 17:59 ~ de_leun,
2018-04-13 17:59 ~ xbelenmorax,
2018-04-13 17:59 ~ raj_arts_,
2018-04-13 17:59 ~ matthewart28,
2018-04-13 17:59 ~ riinasart,
2018-04-13 18:56 ~ glowhealthy,
2018-04-13 18:56 ~ lety_kit_09,
2018-04-13 18:56 ~ retroartfurniture,
2018-04-13 18:56 ~ kanaryam19078683cihan,
2018-04-13 18:57 ~ compasspointcornwall,
2018-04-13 18:57 ~ danielebutera,
2018-04-13 18:58 ~ david_monson_photo,
2018-04-13 18:58 ~ cuttingedgesketch,
2018-04-13 18:59 ~ israelsilvarai,
2018-04-13 18:59 ~ andyworldonair,
2018-04-13 18:59 ~ art_reciclado,
2018-04-13 18:59 ~ flyntclay,
2018-04-13 19:00 ~ carlasluminescentart,
2018-04-13 19:56 ~ unicorntrails,
2018-04-13 19:56 ~ lyndseyrebeccanails,
2018-04-13 19:56 ~ arianacapsy,
2018-04-13 19:57 ~ lauradelrey,
2018-04-13 19:57 ~ fsnk_records,
2018-04-13 19:58 ~ threebeesphotography,
2018-04-13 19:58 ~ mereloosterveld.photography,
2018-04-13 19:59 ~ commeglom,
2018-04-13 19:59 ~ _ivera,
2018-04-13 19:59 ~ psyco_photographer,
2018-04-13 19:59 ~ the.atypical.otaku,
2018-04-13 20:56 ~ natilie93,
2018-04-13 20:56 ~ cimcime_canan_67,
2018-04-13 20:56 ~ freheylen,
2018-04-13 20:56 ~ mal4goska,
2018-04-13 20:57 ~ kaka_92,
2018-04-13 20:57 ~ leitch.jane,
2018-04-13 20:58 ~ suxiaophotography,
2018-04-13 20:58 ~ baddudedrew,
2018-04-13 20:58 ~ lilemoimages,
2018-04-13 20:59 ~ fungus2604,
2018-04-13 20:59 ~ luiblancos,
2018-04-13 20:59 ~ beckylittlegirl,
2018-04-13 21:00 ~ nexus.mania,
2018-04-13 21:56 ~ fcnz_whangaparaoa,
2018-04-13 21:56 ~ minirosario19,
2018-04-13 21:56 ~ cookiequeenkitschn,
2018-04-13 21:57 ~ jipvandebeek,
2018-04-13 21:57 ~ nicktarverr,
2018-04-13 21:57 ~ labben_,
2018-04-13 21:58 ~ tamariku03,
2018-04-13 21:58 ~ forgotten_path_photography,
2018-04-13 21:59 ~ kyungiemin,
2018-04-13 21:59 ~ aniahdesign,
2018-04-13 21:59 ~ tat_too_,
2018-04-13 21:59 ~ joaquin_foz,
2018-04-13 21:59 ~ thugroro_,
2018-04-13 22:56 ~ majaksp,
2018-04-13 22:56 ~ wendyfrench2,
2018-04-13 22:56 ~ elskan_min,
2018-04-13 22:56 ~ heaventosleep,
2018-04-13 22:57 ~ jadehart1805,
2018-04-13 22:57 ~ harrietconnides,
2018-04-13 22:58 ~ _richvisions_,
2018-04-13 22:58 ~ costas_tsem_photography,
2018-04-13 22:59 ~ degisik1kafa,
2018-04-13 22:59 ~ candy.gun,
2018-04-13 22:59 ~ herman_martinez_artwork,
2018-04-13 22:59 ~ misadvencherus,
2018-04-13 23:00 ~ ebaad_arch,
2018-04-13 23:56 ~ ashotofsamantha,
2018-04-13 23:56 ~ joyceleehy,
2018-04-13 23:57 ~ __christine.lee,
2018-04-13 23:57 ~ jenk.jpg,
2018-04-13 23:57 ~ __ririheifam__,
2018-04-13 23:58 ~ siby_rufderfreiheit,
2018-04-13 23:59 ~ mercyy_capkrew,
2018-04-13 23:59 ~ krisnix23,
2018-04-13 23:59 ~ kimberlyannkeyes,
2018-04-13 23:59 ~ lightningxi1458,
2018-04-14 00:56 ~ elizavetaerokhina,
2018-04-14 00:56 ~ shika__maru,
2018-04-14 00:56 ~ flaminkomink,
2018-04-14 00:56 ~ dhani.mrasyid,
2018-04-14 00:57 ~ magjirob,
2018-04-14 00:59 ~ macedoodlzz,
2018-04-14 00:59 ~ uikoikeda,
2018-04-14 00:59 ~ handmademayara,
2018-04-14 00:59 ~ oran93_ga1m,
2018-04-14 00:59 ~ inkwid,
2018-04-14 01:56 ~ andaman_diver,
2018-04-14 01:56 ~ desy_al_ilmi_tegowanu_kulon,
2018-04-14 01:56 ~ mihaigll,
2018-04-14 01:57 ~ _black_bro_,
2018-04-14 01:57 ~ amadphotography_,
2018-04-14 01:58 ~ gunth,
2018-04-14 01:58 ~ pb02__wale__,
2018-04-14 01:59 ~ okbabbs,
2018-04-14 01:59 ~ allan_jenner,
2018-04-14 01:59 ~ kalani20,
2018-04-14 01:59 ~ bora_thing,
2018-04-14 02:56 ~ aduh_clothing,
2018-04-14 02:56 ~ di_christiano,
2018-04-14 02:56 ~ ornellaaltobelli,
2018-04-14 02:56 ~ kaymarie.xx,
2018-04-14 02:57 ~ rp1711,
2018-04-14 02:58 ~ irisluyiwei,
2018-04-14 02:58 ~ carolefreeman2906,
2018-04-14 02:58 ~ stephbiko__,
2018-04-14 02:59 ~ nystateofrhyme,
2018-04-14 02:59 ~ gabysh1220,
2018-04-14 02:59 ~ cazvot,
2018-04-14 02:59 ~ ____nadie_,
2018-04-14 03:00 ~ june_ww,
2018-04-14 03:56 ~ i.am.munn,
2018-04-14 03:56 ~ marion.ueckermann,
2018-04-14 03:56 ~ muhammadanjab,
2018-04-14 03:56 ~ idemoda_online,
2018-04-14 03:57 ~ sayakaoruko,
2018-04-14 03:57 ~ ta2ed1978,
2018-04-14 03:58 ~ josh_montiel,
2018-04-14 03:58 ~ najla.kay,
2018-04-14 03:58 ~ muzikant_nekinapas,
2018-04-14 03:59 ~ mrstefanontour,
2018-04-14 03:59 ~ christina_andromeda,
2018-04-14 03:59 ~ kopitekev65,
2018-04-14 04:56 ~ glenndherrel,
2018-04-14 04:56 ~ deewiwiranti,
2018-04-14 04:56 ~ retno_kristi,
2018-04-14 04:56 ~ hrbothma,
2018-04-14 04:57 ~ koweichang,
2018-04-14 04:58 ~ oluwabusayomiphotography,
2018-04-14 04:58 ~ flamethagodd,
2018-04-14 04:59 ~ melaniechantelle,
2018-04-14 04:59 ~ captain_and_bruce,
2018-04-14 04:59 ~ jr_creativedesigns,
2018-04-14 05:56 ~ om2152,
2018-04-14 05:56 ~ evaashka,
2018-04-14 05:56 ~ joe_js0,
2018-04-14 05:57 ~ dimorasettegrana,
2018-04-14 05:57 ~ tatkat.art,
2018-04-14 05:57 ~ fifidesplaines,
2018-04-14 05:58 ~ fotofineart.pictures,
2018-04-14 05:58 ~ kimvijuan,
2018-04-14 05:58 ~ from_wind_1964,
2018-04-14 05:59 ~ lovefortraveltheworld,
2018-04-14 05:59 ~ art_calligraph_21,
2018-04-14 05:59 ~ elreycasillas16,
2018-04-14 05:59 ~ lenhernandezart,
2018-04-14 06:56 ~ zzafi_lee2222,
2018-04-14 06:56 ~ tomboyne,
2018-04-14 06:56 ~ dayaneliran,
2018-04-14 06:56 ~ bebe.angelo_,
2018-04-14 06:57 ~ amani_chris_photography,
2018-04-14 06:58 ~ niechcemisie,
2018-04-14 06:58 ~ the_wilder_side_of_life,
2018-04-14 06:59 ~ harmonia.delicias.pensamentos,
2018-04-14 06:59 ~ flugzauber,
2018-04-14 06:59 ~ adammurnane,
2018-04-14 07:56 ~ petrikallis,
2018-04-14 07:56 ~ jamessteven23,
2018-04-14 07:56 ~ prada_boy,
2018-04-14 07:56 ~ giulia.calandra_,
2018-04-14 07:57 ~ unomaya13,
2018-04-14 07:57 ~ akopyanraf,
2018-04-14 07:58 ~ sashafoz,
2018-04-14 07:58 ~ lydiarobertsartist,
2018-04-14 07:58 ~ ferrofra89,
2018-04-14 07:59 ~ tinoliss,
2018-04-14 07:59 ~ webgalleryoffinearts,
2018-04-14 07:59 ~ dogkinq,
2018-04-14 07:59 ~ siniaeva.art,
2018-04-14 08:56 ~ estakuya,
2018-04-14 08:56 ~ milky_720,
2018-04-14 08:56 ~ francesca.impellizzeri,
2018-04-14 08:56 ~ fromholland2you,
2018-04-14 08:57 ~ _meeeei04,
2018-04-14 08:57 ~ itsnikt,
2018-04-14 08:58 ~ sg.peoplefotografie,
2018-04-14 08:58 ~ jessy_sunshine_4,
2018-04-14 08:58 ~ shotbyshei,
2018-04-14 08:59 ~ redthemarten,
2018-04-14 08:59 ~ house.of.arte,
2018-04-14 08:59 ~ kadobagus.id,
2018-04-14 08:59 ~ noravanklingeren,
2018-04-14 09:00 ~ hartara_jone_,
2018-04-14 09:56 ~ sintavaleria,
2018-04-14 09:56 ~ 365therapist,
2018-04-14 09:56 ~ the_welsh_betty,
2018-04-14 09:56 ~ indradhorizon,
2018-04-14 09:57 ~ martisannehandmade,
2018-04-14 09:57 ~ aedindin,
2018-04-14 09:58 ~ korrakit99,
2018-04-14 09:58 ~ kittymill,
2018-04-14 09:58 ~ fight_chaser,
2018-04-14 09:58 ~ portrait.eye_,
2018-04-14 09:59 ~ barbarawilson.dk,
2018-04-14 09:59 ~ chervonograd,
2018-04-14 09:59 ~ ds.my_hwaga,
2018-04-14 10:00 ~ armat5,
2018-04-14 10:00 ~ fav.colour,
2018-04-14 10:56 ~ brodiew29,
2018-04-14 10:56 ~ puji_hida,
2018-04-14 10:56 ~ michela.cherchi,
2018-04-14 10:56 ~ spudnik91,
2018-04-14 10:57 ~ darek468,
2018-04-14 10:57 ~ unilorinolodo,
2018-04-14 10:58 ~ pedras_ph,
2018-04-14 10:58 ~ alma_music_,
2018-04-14 10:59 ~ sonia_brts,
2018-04-14 10:59 ~ salonwestartgallery,
2018-04-14 10:59 ~ davina_art17,
2018-04-14 10:59 ~ jason.hadden,
2018-04-14 10:59 ~ lauragarcia_oficial,
2018-04-14 11:56 ~ georginadeeronfire,
2018-04-14 11:56 ~ dylrain,
2018-04-14 11:56 ~ panna_slowikowna,
2018-04-14 11:56 ~ 0125_hyewon,
2018-04-14 11:57 ~ alexclawrence,
2018-04-14 11:57 ~ tanchita_hols,
2018-04-14 11:58 ~ jensequel,
2018-04-14 11:58 ~ evistragali,
2018-04-14 11:59 ~ iimtooemotional,
2018-04-14 11:59 ~ amigurumisite,
2018-04-14 12:00 ~ limensch,
2018-04-14 12:00 ~ shyma_ahmed_anwar,
2018-04-14 12:00 ~ 123marcia123,
2018-04-14 12:56 ~ ran.ranih,
2018-04-14 12:56 ~ kukuh.kocak,
2018-04-14 12:56 ~ livvieeholmes,
2018-04-14 12:57 ~ tracie535,
2018-04-14 12:57 ~ dariodaronco,
2018-04-14 12:58 ~ mezonmori,
2018-04-14 12:58 ~ cristianomercurio,
2018-04-14 12:58 ~ bartie78,
2018-04-14 12:59 ~ torbaytattootales,
2018-04-14 12:59 ~ retrorevelations,
2018-04-14 13:56 ~ meganaliceducey,
2018-04-14 13:56 ~ mrs.d_indradewa,
2018-04-14 13:56 ~ nata_franz,
2018-04-14 13:56 ~ ikhbal1,
2018-04-14 13:57 ~ thatphoenixchick,
2018-04-14 13:57 ~ paularubinartist,
2018-04-14 13:58 ~ vidalnodica,
2018-04-14 13:58 ~ stefanbehrensfotografie,
2018-04-14 13:58 ~ _piezaini_,
2018-04-14 13:58 ~ alexeypog1,
2018-04-14 13:59 ~ thecasbahpost,
2018-04-14 13:59 ~ wideangleartgallery,
2018-04-14 13:59 ~ stefftrommler,
2018-04-14 14:00 ~ art_analyst,
2018-04-14 14:00 ~ arabexpression,
2018-04-14 14:56 ~ saraybosniatravel,
2018-04-14 14:56 ~ travelwithdet,
2018-04-14 14:56 ~ janechristensen50,
2018-04-14 14:57 ~ matej_m,
2018-04-14 14:58 ~ lapatisssrieaujapon,
2018-04-14 14:59 ~ angeladvni,
2018-04-14 14:59 ~ graffiti_loving_backpacker,
2018-04-14 14:59 ~ rominati_photography,
2018-04-14 15:56 ~ joshuasullyvan,
2018-04-14 15:56 ~ iamjoeylove,
2018-04-14 15:56 ~ aec7465,
2018-04-14 15:56 ~ topgungaz,
2018-04-14 15:57 ~ __amylazenby,
2018-04-14 15:57 ~ ursula_helena,
2018-04-14 15:58 ~ thomas.a.corner,
2018-04-14 15:58 ~ hivznjy,
2018-04-14 15:58 ~ oda.y.o,
2018-04-14 15:58 ~ portraits_nation,
2018-04-14 15:59 ~ a.m.a_rt,
2018-04-14 15:59 ~ popartlab,
2018-04-14 15:59 ~ jjang0123802018,
2018-04-14 16:00 ~ hernan.sot0,
2018-04-14 16:56 ~ maddadameah,
2018-04-14 16:56 ~ thebrad1,
2018-04-14 16:56 ~ legacyprods,
2018-04-14 16:57 ~ theunitofmeasure,
2018-04-14 16:57 ~ ulrike_rost._,
2018-04-14 16:58 ~ c_almaa,
2018-04-14 16:58 ~ dongin9345,
2018-04-14 16:59 ~ artandplayla,
2018-04-14 16:59 ~ tamara_weston_,
2018-04-14 16:59 ~ christianaris12,
2018-04-14 16:59 ~ osmant777,
2018-04-14 16:59 ~ wlodko,
2018-04-14 17:56 ~ joannoons,
2018-04-14 17:56 ~ vild_essentials,
2018-04-14 17:56 ~ sarah83bury,
2018-04-14 17:57 ~ citta_volpe_lia,
2018-04-14 17:58 ~ lxuisephotos_,
2018-04-14 17:58 ~ professional_chauhan,
2018-04-14 17:58 ~ officialdavidemanuel,
2018-04-14 17:59 ~ p_pippuri,
2018-04-14 17:59 ~ macd1000,
2018-04-14 17:59 ~ lionesscosplay,
2018-04-14 18:56 ~ janbusschop,
2018-04-14 18:56 ~ will_wobo_breeze,
2018-04-14 18:56 ~ michelleblairx,
2018-04-14 18:56 ~ otteruf_84,
2018-04-14 18:57 ~ fatma.srgll,
2018-04-14 18:58 ~ anelim7,
2018-04-14 18:58 ~ stephanorlet,
2018-04-14 18:58 ~ plindk,
2018-04-14 18:59 ~ ayeshabutt,
2018-04-14 18:59 ~ kyliecraft77,
2018-04-14 19:00 ~ nofarad,
2018-04-14 19:56 ~ xmanu28,
2018-04-14 19:56 ~ blueberry_condo_tulum,
2018-04-14 19:56 ~ andreev.ilya_wm,
2018-04-14 19:57 ~ mr.sharklife,
2018-04-14 19:57 ~ anjatatsu,
2018-04-14 19:58 ~ fashion_inveins,
2018-04-14 19:58 ~ wrainesphoto,
2018-04-14 19:58 ~ jimdamronstudio,
2018-04-14 19:59 ~ alveeno_pacino,
2018-04-14 19:59 ~ mood.for.sex,
2018-04-14 19:59 ~ moshii.art,
2018-04-14 19:59 ~ ladysagitta,
2018-04-14 20:00 ~ nasartt,
2018-04-14 20:56 ~ fabiorusso9,
2018-04-14 20:56 ~ kaitlyn_devaney,
2018-04-14 20:56 ~ pablojouef,
2018-04-14 20:56 ~ ambientsculptures,
2018-04-14 20:57 ~ szb_artist,
2018-04-14 20:57 ~ hargreaves.art,
2018-04-14 20:58 ~ sayuri.arts,
2018-04-14 20:58 ~ rarproductions,
2018-04-14 20:58 ~ ahlgar,
2018-04-14 20:59 ~ hadjer_soussi,
2018-04-14 20:59 ~ jvisualsart,
2018-04-14 20:59 ~ ayselif,
2018-04-14 20:59 ~ wolvend,
2018-04-14 21:56 ~ alice_whoo,
2018-04-14 21:56 ~ giuly_leo,
2018-04-14 21:56 ~ anisamarzela,
2018-04-14 21:56 ~ artyfacts4,
2018-04-14 21:57 ~ shaverrana,
2018-04-14 21:57 ~ mairamirandafotos,
2018-04-14 21:58 ~ mourad.fotograf.portrait,
2018-04-14 21:58 ~ fotomalabar,
2018-04-14 21:58 ~ caresh.f,
2018-04-14 21:59 ~ ganya_pey,
2018-04-14 21:59 ~ staceyfile,
2018-04-14 21:59 ~ hennabyunnati,
2018-04-14 22:00 ~ minalstudio,
2018-04-14 22:00 ~ mysticalblur,
2018-04-14 22:56 ~ zakcole.nz,
2018-04-14 22:56 ~ wesleyribeirobrasil,
2018-04-14 22:56 ~ benanddarcey,
2018-04-14 22:56 ~ aira.b.g.c,
2018-04-14 22:57 ~ diegorivascampos,
2018-04-14 22:57 ~ 34zade,
2018-04-14 22:58 ~ r_c_images,
2018-04-14 22:58 ~ asami.ikeda.photography,
2018-04-14 22:59 ~ artbar2018,
2018-04-14 22:59 ~ _inkitin_,
2018-04-14 22:59 ~ buddha_girls_art,
2018-04-14 22:59 ~ onedirection_artwork,
2018-04-14 22:59 ~ hanatosorato,
2018-04-14 23:56 ~ alfandi99,
2018-04-14 23:56 ~ leoniexleox,
2018-04-14 23:56 ~ rosie_1994,
2018-04-14 23:56 ~ c__dot__,
2018-04-14 23:57 ~ jessicaclaireburns,
2018-04-14 23:57 ~ photozdegen,
2018-04-14 23:58 ~ eugene_bvr,
2018-04-14 23:58 ~ freeman_photographer,
2018-04-14 23:59 ~ lyfe_kickz,
2018-04-14 23:59 ~ botox_artist,
2018-04-14 23:59 ~ sciencemma,
2018-04-15 00:56 ~ touristaayudha,
2018-04-15 00:56 ~ choeur.co,
2018-04-15 00:56 ~ myidlelife,
2018-04-15 00:56 ~ liramgv,
2018-04-15 00:57 ~ travel.authority,
2018-04-15 00:57 ~ oluwabusayomiphotography,
2018-04-15 00:58 ~ dariololli,
2018-04-15 00:58 ~ thearieslane,
2018-04-15 00:58 ~ sylvielareveuse,
2018-04-15 00:59 ~ pics_ayi,
2018-04-15 00:59 ~ creative_agog,
2018-04-15 00:59 ~ _______boom_______,
2018-04-15 00:59 ~ comic_style_geek,
2018-04-15 01:00 ~ _sensen0801,
2018-04-15 01:56 ~ ___fyx.730,
2018-04-15 01:56 ~ wirelezzy,
2018-04-15 01:56 ~ kimiraculous,
2018-04-15 01:56 ~ thesahad,
2018-04-15 01:57 ~ rarasiti_rachmawati,
2018-04-15 01:57 ~ sure_weird_sing,
2018-04-15 01:58 ~ phdurden,
2018-04-15 01:58 ~ livingitdigital,
2018-04-15 01:59 ~ bjooernwinkler,
2018-04-15 01:59 ~ jlproch,
2018-04-15 01:59 ~ biggreddcreativestudios,
2018-04-15 01:59 ~ frogguurl,
2018-04-15 02:56 ~ anjaniis01,
2018-04-15 02:56 ~ khalidbuanas,
2018-04-15 02:56 ~ monilymon,
2018-04-15 02:57 ~ lookingouttherabbithole,
2018-04-15 02:57 ~ audrey_jpg,
2018-04-15 02:58 ~ fotopopcaribe,
2018-04-15 02:58 ~ raafatphotography,
2018-04-15 02:59 ~ zen_works,
2018-04-15 02:59 ~ pennyjarrstudio,
2018-04-15 02:59 ~ charlie_writer,
2018-04-15 02:59 ~ hiromu___________,
2018-04-15 02:59 ~ hey.mort,
2018-04-15 03:56 ~ mmmartinshi,
2018-04-15 03:56 ~ fikreatif,
2018-04-15 03:56 ~ ravi_kushwah__,
2018-04-15 03:56 ~ lorri_ling,
2018-04-15 03:57 ~ andrew__j,
2018-04-15 03:58 ~ takutktaku,
2018-04-15 03:59 ~ greatbeard.ink,
2018-04-15 03:59 ~ sadlemoncurds,
2018-04-15 03:59 ~ thegoldenbook01,
2018-04-15 03:59 ~ notyourtypo,
2018-04-15 03:59 ~ vixzenbymelyssaziegler,
2018-04-15 04:56 ~ valen14_olshop,
2018-04-15 04:56 ~ sagi_inde,
2018-04-15 04:56 ~ _pryziara_,
2018-04-15 04:57 ~ nurrabiatulliyana,
2018-04-15 04:57 ~ nasavoart,
2018-04-15 04:58 ~ dear_scopes,
2018-04-15 04:58 ~ rui_perspective,
2018-04-15 04:58 ~ syahmirahimphotography,
2018-04-15 04:59 ~ lucky.jasmine,
2018-04-15 04:59 ~ bar.eliya,
2018-04-15 04:59 ~ yogaday_art,
2018-04-15 04:59 ~ pimentel585,
2018-04-15 05:56 ~ g.p.athletics,
2018-04-15 05:56 ~ becks_brock,
2018-04-15 05:57 ~ fininews,
2018-04-15 05:58 ~ dilecastellani,
2018-04-15 05:58 ~ eedgars,
2018-04-15 05:58 ~ sidkant,
2018-04-15 05:58 ~ boom13_arts_help,
2018-04-15 05:59 ~ _draythe_,
2018-04-15 05:59 ~ printbakery_centum,
2018-04-15 05:59 ~ amalyaameli,
2018-04-15 06:00 ~ therealiancarter,
2018-04-15 06:00 ~ biglovemm9,
2018-04-15 06:56 ~ travelographrr,
2018-04-15 06:56 ~ 0084san0408,
2018-04-15 06:56 ~ ola.witon,
2018-04-15 06:56 ~ a.mallika,
2018-04-15 06:57 ~ rekkphotos,
2018-04-15 06:58 ~ borgilism,
2018-04-15 06:58 ~ gmanities,
2018-04-15 06:58 ~ ruben_loureiro,
2018-04-15 06:58 ~ lenore_portraits,
2018-04-15 06:59 ~ dps_dubs_lovers_,
2018-04-15 06:59 ~ dominik.marszalek,
2018-04-15 06:59 ~ mr.littleshit,
2018-04-15 07:00 ~ helga0609,
2018-04-15 07:56 ~ lynsey_1,
2018-04-15 07:56 ~ y_bbini,
2018-04-15 07:56 ~ prasetyo_sudarmanto,
2018-04-15 07:56 ~ wawawoodpicker,
2018-04-15 07:57 ~ deepugns,
2018-04-15 07:57 ~ ruhrplottkind,
2018-04-15 07:58 ~ nina_yakhroma_photo,
2018-04-15 07:58 ~ fabienne_boyer,
2018-04-15 07:59 ~ rahat_khan_rk,
2018-04-15 07:59 ~ blunt_moonkitten,
2018-04-15 07:59 ~ rongzi.yan,
2018-04-15 08:56 ~ tx_btcfashionmall,
2018-04-15 08:56 ~ rebecaquental,
2018-04-15 08:56 ~ yan_jpn,
2018-04-15 08:57 ~ dejan_protic,
2018-04-15 08:57 ~ recorded_reveries,
2018-04-15 08:58 ~ luisalgaba64,
2018-04-15 08:58 ~ mainwajah,
2018-04-15 08:59 ~ joadamsart,
2018-04-15 08:59 ~ funkygaurav.001,
2018-04-15 08:59 ~ ellena.polunkin,
2018-04-15 08:59 ~ arcticmonkeys.exe,
2018-04-15 09:56 ~ turah_bayu11,
2018-04-15 09:56 ~ sixoclocktv,
2018-04-15 09:56 ~ jullinils,
2018-04-15 09:56 ~ chyoong,
2018-04-15 09:57 ~ susana_batalha,
2018-04-15 09:59 ~ blameitonmercury,
2018-04-15 09:59 ~ canakkale_resim_kursu_2015,
2018-04-15 09:59 ~ yyakakayy,
2018-04-15 10:56 ~ maillotdebain_,
2018-04-15 10:56 ~ binty.mehta,
2018-04-15 10:56 ~ qaaazawasaxa,
2018-04-15 10:56 ~ 2s2s91,
2018-04-15 10:57 ~ letidimeo10,
2018-04-15 10:57 ~ zuzannailenda,
2018-04-15 10:58 ~ erv_ig,
2018-04-15 10:58 ~ francescocelauro,
2018-04-15 10:59 ~ jiminmoochii,
2018-04-15 10:59 ~ crazycheukyi,
2018-04-15 10:59 ~ handmadeleathercrafts,
2018-04-15 10:59 ~ supeiho,
2018-04-15 10:59 ~ connys_fluidart,
2018-04-15 11:56 ~ nickznockz,
2018-04-15 11:56 ~ manjutapon,
2018-04-15 11:56 ~ kayki_a,
2018-04-15 11:58 ~ iratxefresneda,
2018-04-15 11:58 ~ shiorily_film,
2018-04-15 11:58 ~ beatrizmoreira_c,
2018-04-15 11:58 ~ majidh_ismail,
2018-04-15 11:58 ~ ferd.shinoda,
2018-04-15 11:59 ~ bahmankouchik.sketch,
2018-04-15 11:59 ~ 21st_century_hamlet,
2018-04-15 12:00 ~ mandalart2,
2018-04-15 12:00 ~ cathy_stocker,
2018-04-15 12:00 ~ chiaraboscaro,
2018-04-15 12:56 ~ koreanworlld__,
2018-04-15 12:56 ~ tiffany.clerigo,
2018-04-15 12:56 ~ bettklusivbettwaesche,
2018-04-15 12:56 ~ chiu_nicole,
2018-04-15 12:57 ~ demanikon,
2018-04-15 12:58 ~ sugishi125_art,
2018-04-15 12:58 ~ loppisguden,
2018-04-15 12:58 ~ kassaamedamine,
2018-04-15 12:59 ~ mario_celentano97,
2018-04-15 12:59 ~ anamadelmua,
2018-04-15 12:59 ~ justus.berghain,
2018-04-15 13:56 ~ natalijtihomirova,
2018-04-15 13:56 ~ sintariyana,
2018-04-15 13:56 ~ moosecleveland,
2018-04-15 13:56 ~ stevegoal,
2018-04-15 13:57 ~ pahlawan_berkancut,
2018-04-15 13:57 ~ marissajhurlbert,
2018-04-15 13:58 ~ bylottekras,
2018-04-15 13:58 ~ ryo_sugiyama_,
2018-04-15 13:59 ~ testi_chlyproject,
2018-04-15 13:59 ~ flowersforfools,
2018-04-15 13:59 ~ jmvavrek,
2018-04-15 13:59 ~ artbysheilaannjourney,
2018-04-15 13:59 ~ xy.vucuong,
2018-04-15 14:56 ~ aze_azhari,
2018-04-15 14:56 ~ christio_schrempf,
2018-04-15 14:56 ~ photo.zizou,
2018-04-15 14:56 ~ tamara_schnidrig,
2018-04-15 14:57 ~ alyssawhitfield,
2018-04-15 14:57 ~ dadynky_90scooool,
2018-04-15 14:58 ~ n.torzhevsky,
2018-04-15 14:58 ~ 2536.12,
2018-04-15 14:59 ~ lby.laminate,
2018-04-15 14:59 ~ maulanapamungkas22,
2018-04-15 14:59 ~ kiyowodrawing,
2018-04-15 15:00 ~ mellissssssa,
2018-04-15 15:56 ~ aseprusiyanto_wisata,
2018-04-15 15:56 ~ braincrack_bross,
2018-04-15 15:56 ~ charliburden,
2018-04-15 15:56 ~ samthelamb95,
2018-04-15 15:57 ~ winterfirehair,
2018-04-15 15:57 ~ yazminarno,
2018-04-15 15:58 ~ catherine_only_photo,
2018-04-15 15:58 ~ olesya_loseva2004,
2018-04-15 15:58 ~ jash_moody,
2018-04-15 15:59 ~ alina.dikanskaya,
2018-04-15 15:59 ~ vinsomes,
2018-04-15 15:59 ~ mr.boreales,
2018-04-15 16:00 ~ shinonome_san,
2018-04-15 16:56 ~ montsesolercucu,
2018-04-15 16:56 ~ ciakroncato,
2018-04-15 16:56 ~ wiwi_nettvir,
2018-04-15 16:56 ~ anais__iris,
2018-04-15 16:57 ~ albarosa.marigliano,
2018-04-15 16:57 ~ cesarviera_photography,
2018-04-15 16:58 ~ petrvolgemut,
2018-04-15 16:58 ~ codylusbyart,
2018-04-15 16:58 ~ portraitsbydaisy,
2018-04-15 16:58 ~ gypsyskursetattooparlour,
2018-04-15 16:59 ~ marcoscanada1972,
2018-04-15 17:56 ~ freddie_thecavapoo,
2018-04-15 17:56 ~ _alecrin86_,
2018-04-15 17:56 ~ linimanchika,
2018-04-15 17:56 ~ ai.sb,
2018-04-15 17:57 ~ jamie_farrbaker,
2018-04-15 17:58 ~ 50twarzy_alicji,
2018-04-15 17:58 ~ manon.bmg,
2018-04-15 17:58 ~ giorgiarov,
2018-04-15 17:59 ~ craft.center,
2018-04-15 17:59 ~ __.vanella.__,
2018-04-15 17:59 ~ gibmirdeineseele,
2018-04-15 17:59 ~ edgartdo,
2018-04-15 18:56 ~ ica_ngespam,
2018-04-15 18:56 ~ joannewilkinson62,
2018-04-15 18:56 ~ maling90,
2018-04-15 18:57 ~ pascaldotphoto,
2018-04-15 18:57 ~ meytham.khaledian,
2018-04-15 18:58 ~ craigdykers,
2018-04-15 18:58 ~ dregonzz,
2018-04-15 18:58 ~ anthony.m.leon,
2018-04-15 18:59 ~ amirelahi.photography,
2018-04-15 18:59 ~ betterkiss.artist,
2018-04-15 18:59 ~ alias.shop.fr,
2018-04-15 18:59 ~ _comic.art,
2018-04-15 19:00 ~ real_estate_in_los_angeles,
2018-04-15 19:56 ~ mytravelseurope,
2018-04-15 19:56 ~ tmr.tms,
2018-04-15 19:56 ~ benz_pr,
2018-04-15 19:56 ~ beccihancock88,
2018-04-15 19:57 ~ rakibnoushad,
2018-04-15 19:58 ~ fine_art_company,
2018-04-15 19:58 ~ tellhardy,
2018-04-15 19:59 ~ svtisfvctionslime,
2018-04-15 19:59 ~ itai_the_phenomenon,
2018-04-15 19:59 ~ esbocorustico,
2018-04-15 20:56 ~ kaaamciaaa,
2018-04-15 20:56 ~ stu__247,
2018-04-15 20:56 ~ leendeschutter,
2018-04-15 20:56 ~ kevinvandergalien,
2018-04-15 20:57 ~ simonag_75,
2018-04-15 20:57 ~ decaf.photos,
2018-04-15 20:58 ~ laladrawsart,
2018-04-15 20:58 ~ pteropus66,
2018-04-15 20:59 ~ xeynji,
2018-04-15 20:59 ~ iirahf5,
2018-04-15 20:59 ~ nicktsikhel,
2018-04-15 20:59 ~ reachgw,
2018-04-15 21:56 ~ pita_riani,
2018-04-15 21:56 ~ rebauthor,
2018-04-15 21:56 ~ limwy_0301,
2018-04-15 21:56 ~ picsoftheworld.x3,
2018-04-15 21:57 ~ salt.n.lime,
2018-04-15 21:58 ~ pavanluhar,
2018-04-15 21:58 ~ diegodavila,
2018-04-15 21:58 ~ feliperodriguez90,
2018-04-15 21:59 ~ joyful_living_interior,
2018-04-15 21:59 ~ faire_ma_p_art,
2018-04-15 21:59 ~ gregory.stephenson,
2018-04-15 22:56 ~ travelwiththekits,
2018-04-15 22:56 ~ nataliaester93,
2018-04-15 22:56 ~ ell_aroundtheworld,
2018-04-15 22:56 ~ jasonspringaste,
2018-04-15 22:57 ~ photography_mustafaa,
2018-04-15 22:57 ~ sweetfifteenap,
2018-04-15 22:58 ~ aep35mm,
2018-04-15 22:58 ~ mesut.mumun88,
2018-04-15 22:58 ~ dnldjackson22,
2018-04-15 22:58 ~ markclancy_,
2018-04-15 22:59 ~ kkill_ink,
2018-04-15 22:59 ~ goodtime_steve,
2018-04-15 22:59 ~ bittinoo,
2018-04-15 22:59 ~ tine.ez,
2018-04-15 23:00 ~ yuuu.k0,
2018-04-15 23:56 ~ umimaksumah,
2018-04-15 23:56 ~ beemateus,
2018-04-15 23:56 ~ matt.khm.amer,
2018-04-15 23:56 ~ rindijayakasora,
2018-04-15 23:57 ~ sachin_dahanayake,
2018-04-15 23:57 ~ tais_smg,
2018-04-15 23:58 ~ art_heretical,
2018-04-15 23:58 ~ orchid312,
2018-04-15 23:59 ~ folie.shiu,
2018-04-15 23:59 ~ happykoko11,
2018-04-15 23:59 ~ shchegoleva.alena,
2018-04-15 23:59 ~ kearnzington,
2018-04-16 00:00 ~ rat.nuts,
2018-04-16 00:56 ~ danamladin,
2018-04-16 00:56 ~ trvs.pk,
2018-04-16 00:56 ~ keithlyn_tjio,
2018-04-16 00:56 ~ traveler_seo,
2018-04-16 00:57 ~ zekekitchenphotography,
2018-04-16 00:58 ~ propercandela,
2018-04-16 00:58 ~ nataliadiasfoto,
2018-04-16 00:58 ~ lluviadegatos,
2018-04-16 00:59 ~ awkward_artist_,
2018-04-16 00:59 ~ drawstinn,
2018-04-16 00:59 ~ ohmygosh_amanda,
2018-04-16 00:59 ~ oreki_11,
2018-04-16 01:56 ~ jsbtadashi_official,
2018-04-16 01:56 ~ dani_setiyadi,
2018-04-16 01:56 ~ agnesdc,
2018-04-16 01:56 ~ karl_velasco,
2018-04-16 01:57 ~ widyaenha,
2018-04-16 01:57 ~ caf_fotoart,
2018-04-16 01:58 ~ vitorilustra,
2018-04-16 01:58 ~ portsfilm,
2018-04-16 01:58 ~ jabesh_gilead,
2018-04-16 01:58 ~ picsgraphy_of_india,
2018-04-16 01:59 ~ bhaskarrijal,
2018-04-16 01:59 ~ artiqui.mi,
2018-04-16 01:59 ~ gerrard__forever,
2018-04-16 02:00 ~ tanner_rhines,
2018-04-16 02:00 ~ vani_napi,
2018-04-16 02:56 ~ massacooo,
2018-04-16 02:56 ~ hayleypluskids,
2018-04-16 02:56 ~ australiafair,
2018-04-16 02:57 ~ glyn_hughes,
2018-04-16 02:57 ~ one_second_memories,
2018-04-16 02:58 ~ _bhaskar_nath,
2018-04-16 02:58 ~ gaulloa_68,
2018-04-16 02:58 ~ monicaleannphotography,
2018-04-16 02:59 ~ manguohi,
2018-04-16 02:59 ~ art_by_haru,
2018-04-16 02:59 ~ laura_payne_88,
2018-04-16 03:56 ~ alfienkurniawan1,
2018-04-16 03:56 ~ kik.pawita,
2018-04-16 03:56 ~ vanalitopan,
2018-04-16 03:56 ~ phoebesty,
2018-04-16 03:57 ~ nao0071969,
2018-04-16 03:57 ~ erika_shidara,
2018-04-16 03:58 ~ kitaugust,
2018-04-16 03:58 ~ erickgonzales04,
2018-04-16 03:59 ~ miyaayhye,
2018-04-16 03:59 ~ rwbrody,
2018-04-16 03:59 ~ vanellope2611,
2018-04-16 03:59 ~ a_lens_eye,
2018-04-16 04:56 ~ viezmayne,
2018-04-16 04:56 ~ fgachmad,
2018-04-16 04:56 ~ fitter.than.evans,
2018-04-16 04:56 ~ travel_foto_de,
2018-04-16 04:57 ~ jayjohnsonstoke,
2018-04-16 04:57 ~ inis_id,
2018-04-16 04:58 ~ tongnitiwat,
2018-04-16 04:58 ~ beautycleanreen,
2018-04-16 04:58 ~ nrai9309,
2018-04-16 04:58 ~ margomamart,
2018-04-16 04:59 ~ dianzoz,
2018-04-16 04:59 ~ torinelsonart,
2018-04-16 04:59 ~ qqhaadi,
2018-04-16 05:00 ~ emoczo,
2018-04-16 05:00 ~ a.designconcept,
2018-04-16 05:56 ~ hastaaromahealing,
2018-04-16 05:56 ~ marta_nemcova,
2018-04-16 05:56 ~ samuel_faujiah,
2018-04-16 05:57 ~ bella.luz.photo,
2018-04-16 05:57 ~ subu998,
2018-04-16 05:58 ~ missfunkadelic,
2018-04-16 05:58 ~ vasilievaviktoriia,
2018-04-16 05:58 ~ nerd.justin,
2018-04-16 05:59 ~ wanderingtriumph,
2018-04-16 05:59 ~ pokemon_experience,
2018-04-16 05:59 ~ from_wind_1964,
2018-04-16 05:59 ~ aniceartwork,
2018-04-16 06:56 ~ whoisklock,
2018-04-16 06:56 ~ naam_aaditya,
2018-04-16 06:56 ~ iqbalapriansyahsaptazi,
2018-04-16 06:56 ~ patricia_duende_oficial,
2018-04-16 06:57 ~ l_o_g_a_n_and_r_a_c_h_e_l,
2018-04-16 06:58 ~ labaiach,
2018-04-16 06:58 ~ zakthorpe,
2018-04-16 06:58 ~ bukikoshoni,
2018-04-16 06:58 ~ schafft,
2018-04-16 06:58 ~ film___softcream,
2018-04-16 06:59 ~ lido.rico,
2018-04-16 06:59 ~ justwavyboys,
2018-04-16 06:59 ~ mo.salard,
2018-04-16 07:00 ~ aone509,
2018-04-16 07:00 ~ artdimapimenov,
