laurafoelmer,
snipedexx,
ji_photographs,
step.romans,
aledrpk,
brokkarrot,
silviuust,
meryeru_,
sooah.haru,
mg4coulture,
u_shi_love,
bikinimoo_promote,
corinnetogni,
goheart_official,
mr_fantasy,
ddayrian,
allday_girls,
shihabarr,
marninadia,
nicolasverny,
seancarlessphotography,
anastasia__khazova,
ivanawjya,
doumissemi,
drawinglifeuk,
sweetconcrete.es,
sara__lovelife307,
beth_sw_foodie,
virginie.clavereau,
wer.tt,
gyp_s,
eclectico13,
versu_cheng,
wqyqianyi,
illustrations_by_anna_norin,
vanderdesign,
newluxembourg,
justinebrns,
r_e_b_e_k,
gezgorokuyasa,
0teken0,
sunshinesolene,
pollyfoxy21,
abysim.whitelion,
xrealex,
holdmagazine,
amobbs_artist,
tandtan,
iddyumpty,
millie_charlee_and_me,
andrei.andy12,
idk.vlady,
hkd81,
ghostdog_nk,
green_hardcore,
raynaeliza.photography,
likeaboy_tokyo,
cvkahler,
seanykitten,
smalltown_artshop,
ces.a.sketch,
teamamostierra,
redisland.indonesia,
nadyakostenyuk,
nanoprk1910,
tp_rio,
rosehudsonmillinery,
romanlinacero,
wildernesstrips,
start_art_gallery,
jaynash76,
foreverandalwaysweddingplanner,
tae.w,
antares_impact,
hiroshi_mizutani_060,
iamz.zu,
wednesdayfrog,
carbonizarse,
__francescofra__,
photograph.nikon,
aichamoroco,
charlotteemilylouise,
tae.w,
ginsrhd,
egellenlira,
rei__yu,
rob_siv,
picsbyanne,
jona_lambrix,
alextraisci,
content_boys,
arcolo_e_art,
go_hiraga,
becky_bick,
yukinoritakemoto,
holiday_bau_tours_rentacar,
esmetabasa,
photoholic_mob,
incompletecomplicate,
aaaonn,
maraia________,
venkalias,
musheroo,
vn_market_,
vposteraro3,
tksinteriordesign,
hanssegura,
mascha_van_dijk,
becky__1910,
jobo_mik23,
speed_demon_jen,
d_astello_photography,
only.badreputation,
jacobalgul,
esra.kdesign,
veraxis,
louie_leblanc_jr,
dobro_sklad,
danmadash,
sulesiyam,
nickyfoix,
asteroidvintage,
francaspi,
mehmetgunay09,
alicjaturlej,
leaparaire,
vicentegarcialazaro,
leo.daniels,
aelee7,
adara_beauty_ibiza,
catoa_sarzana,
mademoisellella,
craftingfoodiemommy,
matthis.kleil,
stevenressa,
colaiste_iosagain_art,
barbarapetruzzo,
noirbe,
dbc1515,
trom.art,
_.trippinartz._,
siobahn_draws,
quien_es_marco,
stapicmaja,
tahlliajolly,
nikolettus,
lunic0rn,
thekitchenguy_,
afa_antequera,
celine.muse,
alexsokphoto,
deege_photography,
15jq,
zanganoradiactivo,
vivienneee__,
litamy,
studiots55,
fotografmoahansson,
condofabiolapdc,
phmusical,
pedro_candelaria,
hamidtdn,
altartman,
thrdcoastblog,
egansarah,
confessionsmum,
jenn_weby,
via.underdog,
heidihuong,
aosenski,
maymcq,
glportraityumix2,
nodramanokarma,
d_zan_spi,
lisandragg26,
caroootka,
cwilliams986,
ccamorgan,
paula_sandra2308,
rachelagourakis,
pickuniku.id,
tamaragreggphotography,
91cam,
paulogbh,
frafyditano11,
salva_abril,
artla247,
sellersfive,
itswhitneysilva,
winniefox.design,
arabiclesan,
sun.v11.lemon.lsl,
malsatrans.id,
dannymiami24,
travel.with.kristof,
rungsunrise,
elarafotografia,
chrysikosd,
victorschiavinatofotografia,
earrswitch,
j_u_s_t_beyou,
chris_260,
corns._.stuff,
aslynn_robinson,
skrawr,
panjaitanbetty,
tommy.battistelli,
xstntialcrisis,
lifeworks8,
breadarella1,
motivation_via_people,
polynesianworkhorse1,
kaleemartist.stayfrostystudios,
dollamic,
skdyer2017,
dhian_hardjodisastro,
otter_peanut108,
fie_sien,
luchininaanastasiya,
jonathanhed02,
danielgermain6972,
theideaofjoe,
elwirodelafoto,
_pinotqueen_,
wmatthewsiii2018,
macaron.pop,
laesperanzatravels,
invitetoparadise,
childishweeaboo,
st00gz,
yana_aya_,
kristinaskool,
sherri.otcenasek,
isaac_tako,
minimal_diary,
love_jaco_,
unclesahb_mihirji,
mark_zimmermann,
feasibly.fit,
lucilaramosphoto,
retsel_g,
domsart.smg,
hell.oworld,
owl.grey99,
nadia_octavianie,
jonneluomala,
girllyfofficial,
diduuus,
leillira,
remuzat,
maya_maksi,
dela_reese,
kex1n_film,
dollshouse_studio,
emrebeyler,
000225800_,
goreskeras,
queenkongki,
abbi90daysss,
aleksandraedelman,
hollykins90,
bergalicous,
rebelliousrose9155,
lalov_m,
j3ss54460,
cedricduhezphotography,
insulee_,
louise_qgn,
skyepatridge,
daf_art_,
galeriaandreaparedes,
marinebonzom,
pao.micke,
brookwilson123,
chantalmorkel,
ocho_headwear_,
jenniferghx,
liamcotterphoto,
_______uni________,
_cachou__,
i_alii18,
thomas_oconnor_photography,
tugbasen20,
fvntomas_live,
wiewiorkazkosmosu,
blood_neck,
amberandrubyoyinsan,
andrea_melody_5,
trendnowtw,
ea.barbo,
_sihen,
___trzmistnblda___,
vibhav_chitrao,
as.cine,
bestideas.for.girls,
valentine_villenet,
dianaart.chocolate,
atipico_restaurant,
gianlucapacecca,
lucielou2404,
360photosfere,
eyyjine,
shanny.glossop,
gina.na.lab,
mougiannimaria,
yutaka_japan_osaka,
carasurelook,
jules_mimouni,
babynail.hiroko,
antiksalon.moscow,
nataliatsitovich,
lesniak_pics,
irezumi_ryuu,
iamlinda1973,
giulia_photography19,
kateprees,
bobotandiono26,
genni_celardo,
lalalolina,
ladygagavh1,
deanomw,
sambultart,
made_by_elise,
appleartworkshop,
jussail,
fedecrivelli,
jacob.stroud,
being.impress,
dmbimagery,
lana_eve_photography,
paws21art,
funadaydundee,
sirahtama,
jasongilbertphotography,
konfuso,
vinda.wahyuningsih,
watchesluxurybrands,
olivianidya,
mellysusak,
photographer_tomas_ohlsson,
airajoao,
porbande,
ajphotography_amoljoshi,
arina_gordienko_art,
maxoperry,
susintadewii,
hayleyjb_,
tae.w,
debbie_runs_london2018,
spencearama,
freedomaat,
averagejoe96701,
lexilainephoto,
lesbian_nami,
breakingthepanels,
sa_badesign,
ship.of.foolz,
hylee_s,
estelle_delhasse,
stevecollinstraveller,
nita4eu,
faytograph,
goeun_xoxo,
milktchkis,
ondrejricica,
bbrevan90,
julia_faber_art,
cesptitspigments,
pikapress,
paulina1oriflame,
peppeartnk,
lefteris_lizardos,
annabel.katharina,
electroneering,
feliciagarrphotography,
paulopeznavarra,
z.lowanddirty,
annierodrigue_artiste_peintre,
206epicerik,
bruciebaby100,
littlemissjmee,
marisnk,
artpub.nl,
gmesenfotografia,
scottrobertsaul,
goyofilm,
eveelinws,
artbydu,
giorgos_kats90_thor_,
tjdemirsoy,
vinzdevil,
gail_mphafudi,
babe.smiles,
sanya_sees,
docteurpeinture,
cardaniepb,
katya_dart,
robphenixart,
donatellabitch,
leeleesworldcatering_mphs,
w.kesornmala,
araseem,
romina.sebastiani,
eli_samurai,
crown_barber_,
letestediricciardi,
camerameri,
abelrock,
theeverydaypeopleproject,
adayikkes,
doodlemanifesto,
_lefleur87,
apretabranca,
_chiara_xo,
francescamoriconi1983,
findmatthewcoleman,
rachel.jillian.art,
ezra.ruli,
serena_portraitsl,
rbuchananphotography,
payasa.blog,
groupsasusaku,
photogenerators,
iam_musafir,
celinebrilka,
alexey_golubev_talarii,
kellysports,
gil_fotografia011,
emmy.edits,
existentialist_mexican,
rushables,
loukoal1117,
legendnaire,
betonmetin1,
luca_f_17,
nazheef_alhasan,
seelensiaa,
abc_krn,
imuk.s_91,
peregrinoamatista,
hannnah_bear,
emiiwantstocraft,
exactlyfine,
gak.1986,
dicky_iskandar08,
icetech1,
siskafebriza,
chrissteinphotography,
macky.photo,
ijo_graphy,
_imagebykarlo,
koofting,
austintlegacy,
dirtyjayvance,
motioncinema,
agniecha81,
sasha_carmelia_,
nikkigpx,
______soulmate______,
simongradwell,
f031078,
dayourthefuture,
yukihaku06150122,
retrofiend101,
pl.arts,
_erikpaul_,
shasaa.ptr,
abengfar_,
blombergseniors,
wileykeiko,
portraitschile,
lyn.rundell,
line.colors,
alwaysamara,
magicalwildlifearts,
delphineespinosa,
ynotjofficial,
jferry_jiyugaoka,
juicetisia,
sophie.herczeg,
neuhegna,
kang_seb,
tommy.su,
kalinganatureshooter,
hisnameslou,
allan_linder,
yoshikodraws,
terufried,
lemmyjett,
lalana_beautybox,
angga_prazzetya11,
vobanhmi,
ashanair1994,
powderoom69,
beardkingfrost,
amaryllisrosenbluete,
janis.berzins.foto,
josieraygoza_art,
maria_aarkan,
tappnet,
crazyinsanegirl_379,
laksmitropicalbamboovilla,
maksimbondarenko,
torredialbidonamasseria,
notsoclichetraveler,
ravikiran_invincible,
luisrodriguezimage,
lanakhavronenko,
liliatarginofotografias,
enterthemoonlight,
elcuarteldelmetal,
norbert_elias,
milesoftravel,
chae_ming_dd,
incrediblemaldives,
magdawallace,
cookie.s.t,
ambarwulan_syatir,
drikadevidasi.art,
tahusa,
mucho_linda___,
_dreams_0_,
atargule.constant,
malditodulcedeleche,
nihola.89,
streetfishingberlin,
jeed_jessy,
bad_fire_cat,
hopohhui12,
franzivoneinhoernchen,
pictoriavictoria,
semoraborknagar,
gandarafotografia,
lyosh.a,
frankschemmann,
susann.za202,
andreasittler,
rusul.m.ali80,
christiantbailey,
tuck.august,
20deodarhouse,
losthanfound,
da.war.is.coming99,
ste.rondinellart74,
whiterabbitart,
r_nails_tlt,
the_moment_hunter,
izmirproduction,
taka_funkybottom,
radiograzalema,
parichat.k,
naznatasya,
putumahen,
ruiui.jp,
ufc_place,
marianna_ray_,
aivlisorarref,
frank.h._art,
__tatius___,
soacrylicpainter,
jisselkerkstra,
cazvot,
ig__uuuu,
just.cskim,
ohm_sarawot,
katiewarnes,
ca_ss,
emoniava,
portraitholics,
ksenia.deep,
otterlacerta,
soniakasart,
juancarlosbadia,
jesssbee21,
rebekahpark_,
chunyoosam_photo,
madalina_mc,
bee.on.nee,
jusent,
arlan1s,
tabcgt,
otantikgumustattoo,
zoemarvin,
jumanjuart,
paperreality,
jo_hlavaty,
giedrucio,
petruskasp,
clare_77thomas,
iamprettychou,
dyslexicdaisy,
mateo_sidron_fotografia,
mitsunori_nakata,
satya_atta,
mtotheaxwell,
erittino_erittino,
salah_graphy_,
koylovely_amado,
jane.theway,
gotrektours,
streetfishingberlin,
yohshiro_photography,
_______________iris,
cornelsava,
ansela.regina,
bb_tetra,
artiganushq,
frankienstein13,
bocefal,
boubouillecp,
chouchou.ette,
hannekelights,
mrsaeddy,
lesanglaisstquidy,
ice_factor,
shirokamoyarussia,
itscocogreydesigns,
_tatiana_ttttt,
smokey_ent,
rafaella.tsoptsi,
victor_de_rojas_art,
ketutism,
kurstcobain,
danhankinson,
breezy1972,
sondershotss,
midnight_quebec,
fa_emotive,
progettocmr,
8800xs,
h0usecream,
filiiisa,
sasa_loewe,
full_k_prince,
laura_x_beth,
ramayaaa,
maak.mir,
blaissefranco.photographer,
torrilight,
directauto.ps,
laidback_mag,
cheko626,
mak_asonje,
marc.brock87,
joschaburkhard,
summerinbrazil,
jfeldphoto,
charlotteturnbullphotography,
majrandi,
alessio_muccari_real,
jesse._.davila,
c5art,
davdpadilla,
priyonggo_dwi,
kelzbelz2013,
_____faridala_____,
mykesworld527,
1956lino,
circlemosaicsbytypicalmaryliz,
dapsty,
rzrfrd,
od_tre,
gosiaturzeniecka,
logan_cheesestick_allen,
danieliacotton,
lucian_istrefi,
tetiana.kuksa,
samck1989,
domenico_mortara,
caravanserailuxurydesertcamp,
mathepro,
joannadont,
phatmus,
indigo_cloud_art,
joicebernardifotografia,
mariemadeleinemm,
wiebkerossen,
allice.art,
daynasdesign,
yakuya2030,
life_moment_1,
rubalicious_x,
aimeebex_,
gansoteca,
occidentalpapagayo,
artaprodukta,
erkanaran,
ginnyfiler,
fingertip_dancer,
kushi.kushi,
agvisiongallery,
sam.obrovac,
edwardkaiden,
thespicemaster__,
chloboshoka,
ares_home_design,
simonthegiant208,
krumaro,
lovejsog,
csp_justin,
artandketchup,
teacupfag,
jacob.francois,
i.culo,
erinrfrench,
barbaraheidiburnsartist,
aestheticsbyanika,
michelemontevago,
djlacow,
kayak_au,
draaaasn9,
makeup_to_allure,
_photodrop,
artistofthegoods,
zenntail,
caseygray58,
simongradwell,
regalorientalhotel,
travel.with.kristof,
carlosalbertoestevezreyes,
bos5y.sk,
kikimusicgears,
prifv,
alyssadeome.photography,
alexacoughlin,
squier62,
crystalbristol,
stardust_drawings,
luftmensch_libraguy,
ash_quintana,
mounir_rahmouni,
mmilymnl,
angelotvilla,
jadedawnoneill,
kylane.7,
tangguhwijaya,
atoaracama.photo,
art_doudoce,
eastcoastmusicportraits,
marianafaye_photography,
patricknrogers,
suciimarsyah,
determine4crowns,
girlwiththedragonwings,
pariyada_vb,
iiisa.dm,
emcck_,
ancient_joy,
arielmongan,
ericsantiagofoto,
katilynturnerphotography,
cbeckart,
claudiomontenegrop,
watercolors_by_shah,
jhardister_mod,
student_artstudy,
jincomt,
celhak,
urbanexplr,
_hebebe_hk,
chris_columboo,
lalocadelacamara,
ks_photo_324,
colourfull_indian_,
palirandiph,
mj_artstudio,
radio._ldr,
artsandfire,
too_sushi,
limaarteymoda,
baliexplorer101,
brantasfamilia,
anni5194,
cruz_dle,
wai_ele_ele,
bloatedmylon,
davidwslack,
therealomisa,
aetriis,
terracava,
ryuqanq,
lost_loveadventure,
artdiancollection,
z4m0,
rizalshopandy,
kimyoungmi___,
choi.rifa,
ojikbond,
paulkanj,
jecy.she,
miyagidan,
hossein_toghiri,
akiya_zelda,
judithvanoudheusden,
yanncramer,
marcelijahscott,
jo16x,
newtycleo,
misssums,
air_airryy,
onelovephotographie,
deepeephotos,
sachi_ken,
joegillooly,
peope_psychopads,
ignatmatveev,
dahliaspamz,
gorroafrica,
artofanegg,
rflctn_ofeyes,
keling_production1288,
adadogan7004,
charlottekosaros00,
nataliasilva2826,
emma_the_cavalier,
khantheartist,
kyung_ham,
draaaasn9,
goblingrimm,
bastiaanvaneijk,
jlv_ceramics,
syawalkassim,
yaichutikarn,
thenewjlaw,
fraiulia,
snoopy_p,
j_star_dushaja,
pctosauce,
jaxcurrenti,
cute_me_amol,
jgmwwdaggnlddd,
yuri.cad,
kurtmaske,
sribeer_,
pt.natascha,
noellikulangi14,
olhosdelirio,
artist.ali.ibrahim,
samranicearts,
thehumblequill,
urban_ghoul,
fidgot,
pietrosphotography,
lizbizk,
nail_mania25,
vacayfeels,
kedzierka,
anphung_,
waleyne_,
tales_party,
mahakashi,
dragonia_legends,
liberty_dota_shop,
madgobad,
hedgehog_fr,
memomemo89,
laura_buononato,
airmonkeytaipei,
soulleap,
missgboutique,
raymond_lisa,
signorina_effe85,
kob_photography,
ximenaphotog,
said_boumelha,
shahshots,
aw_art_aw,
dinalatifa_,
canercetin77,
eloisemcdade_fantastictravel,
roaming_roberto,
ladygrantham,
manequeens,
flicafoto,
mahmoud_salem_88,
jremis,
koba_luce,
zone_clothingline96,
nanevskom,
oswaldmartin,
art_deti,
janejanta,
imonlyjoeking,
gioggia987,
amiruladdeenmizam,
mattia.cal_,
luay.vein.a,
michalisbatsoulas,
mrarilabadi,
heidilesur,
larisaryakhimova,
mvskartika,
ryany93,
inbelitungtour,
anna_aswa,
ellljottt_sander,
freiraum4,
joan.mallen,
lnstrlnkv_sketch,
themysticdance,
matthewtmclaughlin,
udara_alwis,
agatasiemko,
ashleytookaphoto,
gryshyna_s,
pino.corsello,
daminova_ph,
sunycortperform,
teppolampela,
rohmdagmar,
its.orions.belt,
unusuallysad,
sapphireicecream,
liz8322,
estelleflattot,
kshoppingtime,
jamesandrews10,
emelaclan4510,
088portrait,
janamensatorova,
thedanclarke,
amenfashion.zine,
millreef_runaway,
sage_11d,
a_real_horrorshow,
tatianarappo,
morphilms,
mama_iting22,
summerinbrazil,
marco.sosio,
roman.exr,
pink_cheeks_studios,
r_chakrav,
quetzaltoronto,
aclementinea,
different_day_different_beats,
faccioquellochevoglio_,
beardedbear_cg,
glowhealthy,
lety_kit_09,
aligram84,
jen_mrsmoo,
ludobellomaria,
naeemhassan79,
kaitmatthewsart,
youcefbenyezzar,
conni_lasko,
heeyitsmichellee,
luasketch,
zone_six_productions,
unicorntrails,
arianacapsy,
tayla_louise95,
ignasi_j._arias,
mereloosterveld.photography,
aleinya,
fata_t0rchina,
ali.photography99,
the.atypical.otaku,
sophies._welt,
charlotte_sw_story,
natilie93,
freheylen,
kaka_92,
mirymae,
suxiaophotography,
famouslynick,
mih_mp1,
marsmayke,
tmsfotografija,
indigooart,
fungus2604,
flowersforfools,
raghoot,
fcnz_whangaparaoa,
minirosario19,
cookiequeenkitschn,
dmitrylebedev_art,
jipvandebeek,
societyofenrique,
nicktarverr,
_comoanita_,
aniahdesign,
tat_too_,
joaquin_foz,
thugroro_,
prbdlln,
wendyfrench2,
elskan_min,
jadehart1805,
dawn.pickering,
costas_tsem_photography,
tetsu_photography,
landscape.portrait.elias.cruz,
four_eyedwiz,
pablodavid89,
chieffoundhoney,
no__clout,
doch_belogo_mecha,
ashotofsamantha,
extremely_lazy_artist,
jenk.jpg,
ssaaeeccoo,
just_a_nerds_art,
worldofhues38,
aningnik,
bearinthewoodsmusic,
elizavetaerokhina,
kiku1015,
babanokhodi,
flaminkomink,
dhani.mrasyid,
magjirob,
evn_____,
picksbykay,
rozsaofyork3,
vsualaesthetic,
i.luv______,
makeupby_3lizabethh,
icecoldesko,
andaman_diver,
desy_al_ilmi_tegowanu_kulon,
dedih29,
amberlynneclaussen,
koatiarai,
lover.dose.ig,
gelly_1610,
jupiteratmidnight,
mariavalentinatora,
pb02__wale__,
hawksncoffee,
yazziewild,
aduh_clothing,
di_christiano,
kaymarie.xx,
n.dearmas,
jclightsmodels,
maggieportrait,
fevephoto,
incredibletats,
spacemuttt,
biebahpic,
caustic_customs_anodizing,
i.am.munn,
sayakaoruko,
verbakel22,
kohaconk12,
ljc_8,
ta2ed1978,
iamorbz,
yancy_arts,
ink_blizzard,
taiyo.vm,
papershavings,
anc.at,
artkidwithproblems,
glenndherrel,
uunvandersar_olshop,
deewiwiranti,
retno_kristi,
oluwabusayomiphotography,
flamethagodd,
lukaswalks,
captain_and_bruce,
jr_creativedesigns,
meindianartist,
lexi.rose08,
om2152,
evaashka,
joe_js0,
lolllipop1986_sw,
korenchu.art,
armandoherrera,
tatkat.art,
zintiquecj,
fifidesplaines,
allbeautiful_energy,
lenhernandezart,
prettylittlethings9110,
zuleikabladsczyckradziwill,
zzafi_lee2222,
dayaneliran,
bebe.angelo_,
triangledorgaillac,
noeroelie,
shiori_portrait,
margo.chekasina,
niechcemisie,
the_wilder_side_of_life,
zion_foto,
rosedra90n,
iamjordyjoyful,
hachikomainecoon,
petrikallis,
jamessteven23,
panda_kamil,
bss_life,
giulia.calandra_,
sashafoz,
lydiarobertsartist,
akipopi,
ferrofra89,
pcasey.art,
tony.todds.basement,
djskviii,
milky_720,
francesca.impellizzeri,
tattoo_toby,
janehimmel,
elisa_coppacchioli,
memes_mania_001,
itsnikt,
sg.peoplefotografie,
shotbyshei,
wildereronline,
__nyctophilia13,
kadobagus.id,
editcservenka,
noravanklingeren,
hartara_jone_,
365therapist,
martisannehandmade,
happuch_ceren,
fernando_wily,
mikponto,
aedindin,
lorenzojaguilar,
portrait.eye_,
eleonora_nicoli,
_honkemon_,
stefano_mezzaroma,
cosas_que_son_cosicas,
kim.amelie,
artsy._.soul,
puji_hida,
cashmere.tr,
michela.cherchi,
spudnik91,
darek468,
alma_music_,
loicdecraene,
salonwestartgallery,
aroundmeeveryday,
edit_one_twenty,
frol_malinin_art,
georginadeeronfire,
dylrain,
panna_slowikowna,
tanchita_hols,
jensequel,
evistragali,
m.rachid.rais,
graphfreak,
black.pinku,
kalixxo,
amelia_phillips91,
ran.ranih,
kukuh.kocak,
livvieeholmes,
dariodaronco,
mezonmori,
bartie78,
artorwhat_,
evazionkj,
artandcash_,
rada_sketch,
meganaliceducey,
mrs.d_indradewa,
nata_franz,
ikhbal1,
thatphoenixchick,
vidalnodica,
stefanbehrensfotografie,
_piezaini_,
alexeypog1,
arabexpression,
manof1000roses,
marirodriguesz,
morachic7,
janechristensen50,
mikailhabibi,
adorablenova,
pageofbianca,
catalunya_portraits,
nur_kua,
dragonsinger99,
seorme4,
mamecorcoran,
gwthewoodpecker,
imperitus.artifex,
joshuasullyvan,
aec7465,
topgungaz,
__amylazenby,
claudia.stefan03,
thomas.a.corner,
lucianafallica,
oda.y.o,
border_line_art_,
frontrose,
musically_dope_bash,
nushkerz,
trixiebarethy,
andibagusfebr,
thebrad1,
brizers,
akileaslan6792,
travelbucketlist.de,
sascha_funke,
nikoro.nekone,
beardkingfrost,
angeduncoeur,
theunitofmeasure,
l3lvk,
aidusya_,
mr_shadow__7,
vild_essentials,
sarah83bury,
pompi_brahma,
lxuisephotos_,
professional_chauhan,
luna_grace_jade,
meyerjanettphotography,
badblueprints,
bd.oumnia,
massacrewrestling,
janbusschop,
alicenm94,
lookandfeel8283,
6271.p,
fatma.srgll,
stephanorlet,
thecameracowboy,
michele.annese,
nofarad,
unlimited_crystals,
art.flo.bader,
musicxspace,
xmanu28,
andreev.ilya_wm,
mr.sharklife,
cookster22,
3d_print_fan,
nokta_art,
anjatatsu,
wrainesphoto,
dear_scopes,
slhouses.ahah,
s.a.n.a.t.o.l.y.e,
kassandrasalinasart,
artofmeka,
_pi_pingu,
marysartstore,
kaitlyn_devaney,
ambientsculptures,
szb_artist,
salsakyrony,
hargreaves.art,
_fdfilm_,
rarproductions,
ahlgar,
hadjer_soussi,
jvisualsart,
ayselif,
wolvend,
troybrooks_to,
alice_whoo,
giuly_leo,
anisamarzela,
artyfacts4,
the_queen__of__heart_,
mairamirandafotos,
fotomalabar,
auroreleludec,
anyascanvas,
____nadie_,
osiris_pete,
maximemassines,
retro_and_revolt,
zakcole.nz,
wesleyribeirobrasil,
benanddarcey,
aira.b.g.c,
deep.adventure,
soleille_07,
diegorivascampos,
minhavirk,
34zade,
its_an_acidwolf,
edbrown74,
laura_atelierarabesque,
alfandi99,
leoniexleox,
madoka_sasa,
c__dot__,
photozdegen,
beauty.is.veiled,
eugene_bvr,
fischersflyco,
renoir.jpg,
sergedubeart8690,
touristaayudha,
choeur.co,
myidlelife,
travel.authority,
lanisoekanto,
_tbracey,
matthews_pawprintz,
dariololli,
maharajahzz,
rali7,
williestubz,
thundh,
_fashionhood,
___fyx.730,
wirelezzy,
kimiraculous,
thesahad,
nicollep12,
newwavenoir,
livingitdigital,
black.2.swan,
namvandermal,
biggreddcreativestudios,
frogguurl,
khalidbuanas,
monilymon,
marrrkeyy,
lookingouttherabbithole,
fotopopcaribe,
reo330,
jehrosela,
zen_works,
pennyjarrstudio,
oldnotebookproject,
ravi_kushwah__,
lorri_ling,
steve_archer,
otmanikolaevna19,
andrew__j,
toeytoum,
thecoversonguy,
duhh_itz_angie006,
bluwolf._b,
sandra_chechel_official,
la.dracodravige,
yogaemjay,
valen14_olshop,
sagi_inde,
sora__ooooo,
jpamelitah,
xx.jasmine.x.chai.xx,
meetthakkar___,
nasavoart,
artgirl2,
_aesthetic_as_fuck__,
cclubsandwich,
iryna_nykonenko_,
luxuryhomes_decor,
g.p.athletics,
fininews,
36palms,
artmusicvideo,
abstractfishco,
vaibhav_creations,
eedgars,
sidkant,
scodmanisfine,
melvinwareaglesociety6,
wondrousworx,
sad.n._.shit,
artdecorsochi,
superstarvision,
travelographrr,
0084san0408,
trees8619,
franciss138,
rekkphotos,
borgilism,
manuelluisluna,
kilnsandduckies,
vladimir_viktorsson,
dps_dubs_lovers_,
dominik.marszalek,
igferrerpb,
lynsey_1,
currydread,
y_bbini,
prasetyo_sudarmanto,
cast.andrea,
nina_yakhroma_photo,
fabienne_boyer,
ajiboyetolu,
pobasic,
tx_btcfashionmall,
yan_jpn,
honeymoonnonstop,
_.disel._,
recorded_reveries,
nora.staygold,
orosysnap,
dominiquevsdomonation,
thepickofvai,
latelierandjuliette,
yachtchefalidanikodem,
turah_bayu11,
rechargehaven,
jullinils,
kikizakiah88,
chyoong,
zitheka,
biopulsedigitalfactory,
stickman_20,
goldenducksauce,
yogawithkym,
miaorozco,
maillotdebain_,
alexandralabadieracine,
binty.mehta,
qaaazawasaxa,
2s2s91,
lifestyle.fotografie.plauen,
zuzannailenda,
veronique_pipers,
gakkunnman2,
jiminmoochii,
elfa_purple,
handmadeleathercrafts,
twononaka,
nickznockz,
manjutapon,
kayki_a,
sono_chance,
rainman0328,
chojunwoo51,
patrycja_cebulska,
sun_storm_lion_freeathlete,
catarinateixeiradamota,
nailsalon.kurni,
_paula_18_5,
badd2dbone,
nicohana91,
koreanworlld__,
tiffany.clerigo,
meaty_streety96,
_mara__c,
ronobijoy,
ych_you,
mekancool,
kowarka_k,
mina.tavakoli14,
susylee16,
natalijtihomirova,
sintariyana,
stevegoal,
pahlawan_berkancut,
marissajhurlbert,
bishimshrestha,
rafaelfurst,
ryo_sugiyama_,
unique_photography1,
testi_chlyproject,
flowersforfools,
jmvavrek,
christio_schrempf,
photo.zizou,
alyssawhitfield,
houdini_89,
y.o.u.s.e.f123,
alessandrofucci,
2536.12,
ilsangpyohyun,
fregsechan,
otulala,
madewithlovebygaby,
aseprusiyanto_wisata,
braincrack_bross,
charliburden,
samthelamb95,
sharmabharat1,
jash_moody,
richardish00,
jay.liap,
andrewtunnard,
alina.dikanskaya,
mr.boreales,
shinonome_san,
maryandriotis,
christianroedig,
montsesolercucu,
wiwi_nettvir,
albarosa.marigliano,
kyriekat23,
katita_74,
cesarviera_photography,
petrvolgemut,
codylusbyart,
bizengabiz,
d.drxwings.g,
marcoscanada1972,
baamahmed_art,
bykova3390,
greta.aloha.wellness,
freddie_thecavapoo,
_alecrin86_,
ai.sb,
rinkadzhi,
kudrnata_lucie,
giorgiarov,
zestyliv,
next_horizons,
artstrafehl,
abeautifulheartcookbook,
yigal_art,
ica_ngespam,
joannewilkinson62,
maling90,
craigdykers,
dregonzz,
photore.mur,
xbirdproductions,
tha_t.a.e,
_simmmka_,
lastactionhero95semmelrogge,
ma.cooper.q,
_.tanusik._,
mytravelseurope,
benz_pr,
beccihancock88,
tellhardy,
somthing_happened,
amrievalerre,
itai_the_phenomenon,
esbocorustico,
art_krecha_clothes,
kaaamciaaa,
purple_wig,
stu__247,
kevinvandergalien,
key_o_key,
simonag_75,
decaf.photos,
laladrawsart,
robincole.art,
pteropus66,
allison_rose_art,
annikahoefsceramics,
wiredforsound,
rebauthor,
limwy_0301,
barcelosanjose,
rawculturephoto,
with_u.canon,
ericsagerphotography,
luckv_,
karinne.le,
lorenzoraijer_07,
hirayoki_hisan,
eugenelacqueredup,
nationality_freedom,
nataliaester93,
ell_aroundtheworld,
jasonspringaste,
photography_mustafaa,
mx.id,
mesut.mumun88,
dnldjackson22,
markclancy_,
beautty.tussa_,
thebaihugenji,
_mcr_always_,
espacio.berlin,
umimaksumah,
ramonmarkon,
beemateus,
matt.khm.amer,
rindijayakasora,
tais_smg,
art_heretical,
orchid312,
juwai_4j,
melissaanglesart,
wonworldent,
mccabeandjones,
rat.nuts,
nailsbyrachaelkay_100,
rama_mahardika19,
danamladin,
trvs.pk,
kastroot,
zekekitchenphotography,
nataliadiasfoto,
lightandlovestudio,
thenickone12,
jsbtadashi_official,
widyaenha,
urbanite.io,
ptuadji,
picsgraphy_of_india,
katastroferr,
8milligram,
belmont_that_was_posessed,
jm.1893,
philb15,
gazzettadimilano,
kochteam,
massacooo,
revolution_mfp,
kim_harveeee,
hayleypluskids,
one_second_memories,
_bhaskar_nath,
gaulloa_68,
monicaleannphotography,
aldomontoyadrawing,
claire_graphy,
dagos.arte,
_art_around__,
eggsnoot,
alfienkurniawan1,
mw.republic,
travel_and_level,
thenewjlaw,
nao0071969,
erika_shidara,
haroldjoyson,
dynamic_snapper,
erickgonzales04,
miyaayhye,
rwbrody,
detecative,
viezmayne,
fitter.than.evans,
x.nikonphotography.x,
ed.star,
jayjohnsonstoke,
inis_id,
tongnitiwat,
beautycleanreen,
nrai9309,
bridgeandboulder,
qqhaadi,
304room__,
emoczo,
ton49m,
him.laichihim,
hastaaromahealing,
the_anxiety_girl,
vasilievaviktoriia,
ilandiart,
inbinnovation,
art_culture_project,
maffrobinson,
d0vzhenko,
behnam.yassini,
naam_aaditya,
mau85rita,
djil4,
iqbalapriansyahsaptazi,
kinderundreisen,
film___softcream,
handoko_d_pras,
debopriya_._,
henriko_story,
rebeccatapscottartist,
_jen0801,
paul_corey,
ninashaw,
